dropout_p,sequence_id,true_class,obs_ratio,gap_length,r_uncertainty,v_uncertainty,kin_residual,acc_residual,energy_residual,snr_quality,est_range,est_velocity,oracle_lambda,oracle_J,oracle_l_perc,oracle_l_recon,oracle_l_phys,oracle_kin_res,oracle_r_mae,oracle_v_mae,oracle_pred,oracle_correct,fixed_lambda,fixed_J,fixed_l_perc,fixed_l_recon,fixed_l_phys,fixed_kin_res,fixed_r_mae,fixed_v_mae,fixed_pred,fixed_correct,J_lambda_0.0000,J_lambda_0.0025,J_lambda_0.0050,J_lambda_0.0100,J_lambda_0.0200,J_lambda_0.0500
0.100000,0,Cyclist,1.000000,0.000000,0.000105,0.001120,0.007064,0.015860,0.004469,0.000000,0.499655,0.001631,0.000000,0.003884,0.002980,0.000000,0.003614,0.058772,0.023042,0.041288,Cyclist,1,0.010000,0.003884,0.002980,0.000000,0.003614,0.058772,0.023042,0.041288,Cyclist,1,0.003884,0.003884,0.003884,0.003884,0.003884,0.003884
0.100000,1,Empty,1.000000,0.000000,0.000048,0.001379,0.001263,0.013331,0.002116,0.000000,0.499389,0.000772,0.000000,0.001274,0.001001,0.000000,0.001094,0.010507,0.028919,0.019816,Empty,1,0.010000,0.001274,0.001001,0.000000,0.001094,0.010507,0.028919,0.019816,Empty,1,0.001274,0.001274,0.001274,0.001274,0.001274,0.001274
0.100000,2,Empty,0.812500,0.062500,0.000038,0.002035,0.002464,0.027369,0.002859,0.000000,0.499357,0.001380,0.050000,0.252253,0.001059,1.003108,0.001668,0.020496,0.023336,0.022700,Empty,1,0.010000,0.252253,0.001059,1.003111,0.001668,0.020496,0.023336,0.022700,Empty,1,0.252253,0.252253,0.252253,0.252253,0.252253,0.252253
0.100000,3,Empty,0.875000,0.062500,0.000060,0.002145,0.002227,0.026463,0.002783,0.000000,0.499388,0.001327,0.010000,0.250296,0.001037,0.995409,0.001629,0.018524,0.018442,0.023278,Empty,1,0.010000,0.250296,0.001037,0.995409,0.001629,0.018524,0.018442,0.023278,Empty,1,0.250297,0.250298,0.250297,0.250296,0.250297,0.250297
0.100000,4,Empty,0.812500,0.187500,0.000033,0.002318,0.002841,0.012677,0.001226,0.000000,0.499370,0.001539,0.050000,0.266825,0.000938,1.062227,0.001320,0.023634,0.023074,0.031187,Empty,1,0.010000,0.266826,0.000938,1.062230,0.001320,0.023636,0.023074,0.031187,Empty,1,0.266826,0.266826,0.266826,0.266826,0.266826,0.266825
0.100000,5,Empty,0.937500,0.062500,0.000039,0.001950,0.001581,0.021046,0.001962,0.000000,0.499381,0.001350,0.050000,0.250721,0.000951,0.997794,0.001284,0.013153,0.024300,0.020866,Empty,1,0.010000,0.250723,0.000951,0.997803,0.001284,0.013153,0.024300,0.020866,Empty,1,0.250723,0.250723,0.250722,0.250723,0.250722,0.250721
0.100000,6,Cyclist,1.000000,0.000000,0.000112,0.002148,0.008252,0.025899,0.004943,0.000000,0.499620,0.001767,0.000000,0.002712,0.001593,0.000000,0.004473,0.068658,0.019755,0.051586,Cyclist,1,0.010000,0.002712,0.001593,0.000000,0.004473,0.068658,0.019755,0.051586,Cyclist,1,0.002712,0.002712,0.002712,0.002712,0.002712,0.002712
0.100000,7,Pedestrian,0.875000,0.062500,0.000153,0.003104,0.008578,0.037532,0.005079,0.000000,0.499691,0.003144,0.050000,0.271787,0.002611,1.069562,0.007143,0.071357,0.055248,0.033096,Pedestrian,1,0.010000,0.271795,0.002611,1.069592,0.007145,0.071369,0.055247,0.033096,Pedestrian,1,0.271797,0.271797,0.271796,0.271795,0.271793,0.271787
0.100000,8,Pedestrian,0.937500,0.062500,0.000251,0.004759,0.017662,0.085724,0.015443,0.000000,0.499250,0.004017,0.050000,4.638754,4.333298,1.201904,0.019919,0.146925,0.008349,0.621694,Empty,0,0.010000,4.638767,4.333298,1.201953,0.019923,0.146942,0.008348,0.621696,Empty,0,4.638770,4.638769,4.638769,4.638767,4.638765,4.638754
0.100000,9,Vehicle,1.000000,0.000000,0.000096,0.001373,0.006488,0.021673,0.005004,0.000000,0.499806,0.001904,0.000000,0.005957,0.005128,0.000000,0.003315,0.053976,0.028805,0.050950,Vehicle,1,0.010000,0.005957,0.005128,0.000000,0.003315,0.053976,0.028805,0.050950,Vehicle,1,0.005957,0.005957,0.005957,0.005957,0.005957,0.005957
0.100000,10,Cyclist,0.812500,0.062500,0.000274,0.006751,0.018252,0.103761,0.010614,0.000000,0.499296,0.005770,0.000000,1.572944,1.286090,1.121992,0.025423,0.151856,0.012281,0.860719,Pedestrian,0,0.010000,1.572957,1.286103,1.121992,0.025422,0.151853,0.012281,0.860719,Pedestrian,0,1.572944,1.572945,1.572948,1.572957,1.572973,1.573014
0.100000,11,Empty,0.937500,0.062500,0.000305,0.006547,0.022671,0.100934,0.016160,0.000000,0.499312,0.006008,0.050000,0.321669,0.026031,1.135862,0.046692,0.188622,0.011151,0.806034,Empty,1,0.010000,0.321681,0.026031,1.135908,0.046694,0.188621,0.011151,0.806035,Empty,1,0.321684,0.321684,0.321683,0.321681,0.321679,0.321669
0.100000,12,Vehicle,1.000000,0.000000,0.000100,0.001815,0.005380,0.019272,0.004277,0.000000,0.499780,0.002551,0.000000,0.012165,0.011537,0.000000,0.002508,0.044765,0.031748,0.060012,Vehicle,1,0.010000,0.012165,0.011537,0.000000,0.002508,0.044765,0.031748,0.060012,Vehicle,1,0.012165,0.012165,0.012165,0.012165,0.012165,0.012165
0.100000,13,Pedestrian,0.875000,0.062500,0.000120,0.002112,0.005307,0.028081,0.003707,0.000000,0.499603,0.001553,0.005000,1.393908,1.127679,1.061690,0.003226,0.044151,0.028386,0.028775,Pedestrian,1,0.010000,1.393916,1.127688,1.061689,0.003225,0.044148,0.028385,0.028775,Pedestrian,1,1.393909,1.393909,1.393908,1.393916,1.393919,1.393938
0.100000,14,Vehicle,0.875000,0.062500,0.000152,0.002737,0.008979,0.032311,0.004962,0.000000,0.499740,0.002497,0.050000,0.274552,0.002651,1.080173,0.007433,0.074696,0.050576,0.076146,Vehicle,1,0.010000,0.274571,0.002651,1.080246,0.007434,0.074702,0.050576,0.076146,Vehicle,1,0.274575,0.274575,0.274574,0.274571,0.274566,0.274552
0.100000,15,Empty,0.812500,0.062500,0.000307,0.004282,0.019676,0.075219,0.014900,0.000000,0.499246,0.004410,0.050000,0.302272,0.003486,1.168722,0.026422,0.163687,0.009987,0.647953,Empty,1,0.010000,0.302272,0.003486,1.168720,0.026424,0.163699,0.009986,0.647954,Empty,1,0.302272,0.302272,0.302272,0.302272,0.302272,0.302272
0.100000,16,Vehicle,0.875000,0.062500,0.000166,0.002721,0.010583,0.038279,0.003726,0.000000,0.499718,0.002492,0.050000,0.280558,0.002452,1.104697,0.007728,0.088035,0.025339,0.066658,Vehicle,1,0.010000,0.280570,0.002452,1.104741,0.007730,0.088050,0.025339,0.066658,Vehicle,1,0.280573,0.280571,0.280572,0.280570,0.280567,0.280558
0.100000,17,Vehicle,0.937500,0.062500,0.000156,0.002568,0.007466,0.033579,0.007059,0.000000,0.499677,0.002913,0.050000,0.281295,0.001337,1.114822,0.005008,0.062117,0.052080,0.072624,Vehicle,1,0.010000,0.281299,0.001337,1.114839,0.005008,0.062117,0.052080,0.072624,Vehicle,1,0.281300,0.281300,0.281300,0.281299,0.281298,0.281295
0.100000,18,Empty,0.875000,0.062500,0.000045,0.002067,0.002854,0.027284,0.002953,0.000000,0.499381,0.001491,0.050000,0.249460,0.000999,0.992043,0.001800,0.023744,0.020960,0.023167,Empty,1,0.010000,0.249461,0.000999,0.992046,0.001800,0.023744,0.020960,0.023167,Empty,1,0.249460,0.249460,0.249461,0.249461,0.249460,0.249460
0.100000,19,Cyclist,0.875000,0.062500,0.000090,0.002791,0.004353,0.042305,0.002831,0.000000,0.499579,0.002363,0.050000,0.278562,0.001497,1.104928,0.003330,0.036215,0.021925,0.063069,Cyclist,1,0.010000,0.278565,0.001497,1.104941,0.003330,0.036215,0.021925,0.063069,Cyclist,1,0.278566,0.278566,0.278565,0.278565,0.278564,0.278562
0.100000,20,Vehicle,0.875000,0.062500,0.000134,0.002514,0.007857,0.039860,0.004992,0.000000,0.499733,0.001984,0.050000,0.286825,0.014592,1.083335,0.005599,0.065367,0.027443,0.066476,Vehicle,1,0.010000,0.286834,0.014592,1.083367,0.005600,0.065371,0.027443,0.066476,Vehicle,1,0.286835,0.286835,0.286835,0.286834,0.286832,0.286825
0.100000,21,Empty,0.937500,0.062500,0.000049,0.001821,0.002113,0.022338,0.002368,0.000000,0.499382,0.001147,0.050000,0.250150,0.000996,0.995182,0.001434,0.017579,0.018277,0.034354,Empty,1,0.010000,0.250150,0.000996,0.995184,0.001434,0.017583,0.018277,0.034354,Empty,1,0.250150,0.250150,0.250150,0.250150,0.250150,0.250150
0.100000,22,Cyclist,0.875000,0.062500,0.000146,0.002395,0.008618,0.035593,0.005868,0.000000,0.499663,0.001777,0.050000,0.663332,0.385909,1.104806,0.004890,0.071694,0.028512,0.067563,Cyclist,1,0.010000,0.663338,0.385909,1.104828,0.004891,0.071701,0.028512,0.067563,Cyclist,1,0.663338,0.663339,0.663339,0.663338,0.663336,0.663332
0.100000,23,Empty,0.937500,0.062500,0.000048,0.001768,0.003280,0.020379,0.002502,0.000000,0.499373,0.001143,0.050000,0.252699,0.001007,1.005088,0.001681,0.027289,0.015837,0.020855,Empty,1,0.010000,0.252701,0.001007,1.005096,0.001681,0.027293,0.015837,0.020855,Empty,1,0.252701,0.252701,0.252701,0.252701,0.252700,0.252699
0.100000,24,Empty,0.937500,0.062500,0.000046,0.001857,0.003434,0.018548,0.002673,0.000000,0.499386,0.001191,0.020000,0.251299,0.001023,0.999525,0.001578,0.028568,0.016847,0.024226,Empty,1,0.010000,0.251300,0.001023,0.999532,0.001578,0.028568,0.016847,0.024226,Empty,1,0.251300,0.251300,0.251299,0.251300,0.251299,0.251299
0.100000,25,Cyclist,0.875000,0.062500,0.000187,0.004856,0.010172,0.060303,0.017912,0.000000,0.499443,0.004347,0.050000,1.601871,1.300307,1.196387,0.009868,0.084620,0.012852,0.583369,Pedestrian,0,0.010000,1.601920,1.300354,1.196396,0.009869,0.084626,0.012852,0.583369,Pedestrian,0,1.601943,1.601938,1.601929,1.601920,1.601905,1.601871
0.100000,26,Pedestrian,0.875000,0.062500,0.000114,0.002321,0.006515,0.034120,0.003911,0.000000,0.499634,0.001855,0.005000,1.418685,1.152054,1.062395,0.004128,0.054203,0.034568,0.031476,Pedestrian,1,0.010000,1.418691,1.152060,1.062396,0.004128,0.054203,0.034568,0.031476,Pedestrian,1,1.418689,1.418689,1.418685,1.418691,1.418699,1.418706
0.100000,27,Cyclist,0.812500,0.093750,0.000120,0.002283,0.004930,0.027869,0.003287,0.000000,0.499610,0.001846,0.050000,0.268610,0.001754,1.064812,0.002610,0.041015,0.014433,0.063893,Cyclist,1,0.010000,0.268614,0.001754,1.064828,0.002610,0.041019,0.014433,0.063893,Cyclist,1,0.268615,0.268614,0.268615,0.268614,0.268613,0.268610
0.100000,28,Cyclist,1.000000,0.000000,0.000128,0.003757,0.007848,0.038971,0.005043,0.000000,0.499718,0.002887,0.000000,0.087766,0.085943,0.000000,0.007294,0.065297,0.049471,0.066610,Cyclist,1,0.010000,0.087766,0.085943,0.000000,0.007294,0.065297,0.049471,0.066610,Cyclist,1,0.087766,0.087766,0.087766,0.087766,0.087766,0.087766
0.100000,29,Vehicle,0.750000,0.062500,0.000193,0.003065,0.011149,0.051243,0.004506,0.000000,0.499653,0.002467,0.050000,0.542465,0.265445,1.099617,0.008463,0.092733,0.034738,0.056588,Vehicle,1,0.010000,0.542478,0.265445,1.099667,0.008465,0.092748,0.034738,0.056588,Vehicle,1,0.542481,0.542480,0.542480,0.542478,0.542475,0.542465
0.100000,30,Empty,1.000000,0.000000,0.000048,0.001590,0.003541,0.018541,0.002473,0.000000,0.499364,0.001287,0.000000,0.001444,0.001037,0.000000,0.001626,0.029460,0.028020,0.021937,Empty,1,0.010000,0.001444,0.001037,0.000000,0.001626,0.029460,0.028020,0.021937,Empty,1,0.001444,0.001444,0.001444,0.001444,0.001444,0.001444
0.100000,31,Empty,0.875000,0.062500,0.000037,0.002214,0.002345,0.027397,0.002179,0.000000,0.499385,0.001512,0.050000,1.657733,1.400410,1.027661,0.001634,0.019509,0.020582,0.025597,Cyclist,0,0.010000,1.657750,1.400425,1.027667,0.001634,0.019509,0.020582,0.025597,Cyclist,0,1.657756,1.657749,1.657751,1.657750,1.657744,1.657733
0.100000,32,Empty,0.875000,0.062500,0.000037,0.002094,0.001628,0.024327,0.002581,0.000000,0.499374,0.001530,0.050000,1.649519,1.395787,1.013505,0.001423,0.013547,0.020584,0.028102,Cyclist,0,0.010000,1.649530,1.395798,1.013506,0.001423,0.013547,0.020584,0.028102,Cyclist,0,1.649538,1.649533,1.649529,1.649530,1.649533,1.649519
0.100000,33,Cyclist,0.812500,0.062500,0.000140,0.003015,0.009122,0.036440,0.003130,0.000000,0.499623,0.002456,0.050000,0.281047,0.006647,1.091981,0.005616,0.075874,0.016744,0.045413,Cyclist,1,0.010000,0.281054,0.006647,1.092011,0.005618,0.075894,0.016744,0.045413,Cyclist,1,0.281056,0.281055,0.281055,0.281054,0.281052,0.281047
0.100000,34,Vehicle,0.937500,0.062500,0.000130,0.001997,0.007284,0.030090,0.003160,0.000000,0.499734,0.001588,0.050000,5.115911,4.840913,1.094921,0.005072,0.060596,0.032706,0.070524,Cyclist,0,0.010000,5.115927,4.840913,1.094985,0.005072,0.060600,0.032706,0.070524,Cyclist,0,5.115931,5.115930,5.115929,5.115927,5.115922,5.115911
0.100000,35,Empty,1.000000,0.000000,0.000056,0.001098,0.001763,0.010965,0.001807,0.000000,0.499384,0.000781,0.000000,0.001347,0.001098,0.000000,0.000998,0.014671,0.035297,0.020643,Empty,1,0.010000,0.001347,0.001098,0.000000,0.000998,0.014671,0.035297,0.020643,Empty,1,0.001347,0.001347,0.001347,0.001347,0.001347,0.001347
0.100000,36,Empty,0.875000,0.062500,0.000031,0.002249,0.001736,0.026000,0.002304,0.000000,0.499374,0.001423,0.050000,0.252311,0.001029,1.003512,0.001616,0.014441,0.024710,0.022914,Empty,1,0.010000,0.252314,0.001029,1.003525,0.001616,0.014441,0.024710,0.022915,Empty,1,0.252314,0.252313,0.252314,0.252314,0.252313,0.252311
0.100000,37,Cyclist,0.812500,0.093750,0.000158,0.002937,0.007234,0.027759,0.003799,0.000000,0.499643,0.002605,0.050000,0.281687,0.005250,1.101626,0.004124,0.060185,0.136659,0.200605,Cyclist,1,0.010000,0.281691,0.005250,1.101640,0.004124,0.060185,0.136659,0.200605,Cyclist,1,0.281692,0.281691,0.281691,0.281691,0.281690,0.281687
0.100000,38,Empty,0.937500,0.062500,0.000043,0.001978,0.002088,0.017617,0.002609,0.000000,0.499388,0.001355,0.010000,0.250628,0.000953,0.997271,0.001431,0.017373,0.023337,0.020675,Empty,1,0.010000,0.250628,0.000953,0.997271,0.001431,0.017373,0.023337,0.020675,Empty,1,0.250630,0.250630,0.250630,0.250628,0.250630,0.250630
0.100000,39,Empty,1.000000,0.000000,0.000055,0.001378,0.002258,0.014089,0.002094,0.000000,0.499382,0.000883,0.000000,0.001291,0.000983,0.000000,0.001234,0.018784,0.027694,0.021039,Empty,1,0.010000,0.001291,0.000983,0.000000,0.001234,0.018784,0.027694,0.021039,Empty,1,0.001291,0.001291,0.001291,0.001291,0.001291,0.001291
0.100000,40,Vehicle,0.812500,0.062500,0.000167,0.003068,0.010212,0.043691,0.007203,0.000000,0.499664,0.002835,0.050000,0.279695,0.001200,1.106066,0.007913,0.084948,0.066887,0.058311,Vehicle,1,0.010000,0.279708,0.001200,1.106117,0.007915,0.084961,0.066887,0.058311,Vehicle,1,0.279711,0.279711,0.279710,0.279708,0.279705,0.279695
0.100000,41,Empty,0.750000,0.083333,0.000041,0.002608,0.002342,0.037383,0.002684,0.000000,0.499367,0.002228,0.050000,1.687211,1.431546,1.020674,0.001982,0.019484,0.018228,0.029911,Cyclist,0,0.010000,1.687231,1.431565,1.020684,0.001982,0.019485,0.018228,0.029911,Cyclist,0,1.687230,1.687231,1.687223,1.687231,1.687220,1.687211
0.100000,42,Vehicle,1.000000,0.000000,0.000126,0.001434,0.004773,0.018830,0.004052,0.000000,0.499739,0.001591,0.000000,0.001685,0.001068,0.000000,0.002467,0.039710,0.024535,0.085418,Vehicle,1,0.010000,0.001685,0.001068,0.000000,0.002467,0.039710,0.024535,0.085418,Vehicle,1,0.001685,0.001685,0.001685,0.001685,0.001685,0.001685
0.100000,43,Empty,0.937500,0.062500,0.000046,0.001874,0.001918,0.023670,0.001830,0.000000,0.499389,0.001303,0.050000,0.256855,0.001000,1.021981,0.001442,0.015954,0.014922,0.022643,Empty,1,0.010000,0.256857,0.001000,1.021988,0.001442,0.015954,0.014922,0.022643,Empty,1,0.256857,0.256857,0.256857,0.256857,0.256857,0.256855
0.100000,44,Vehicle,0.937500,0.062500,0.000113,0.002094,0.004296,0.027712,0.005219,0.000000,0.499721,0.001798,0.050000,1.883876,1.605243,1.111632,0.002901,0.035747,0.039554,0.070700,Cyclist,0,0.010000,1.883952,1.605310,1.111668,0.002901,0.035747,0.039554,0.070700,Cyclist,0,1.883972,1.883980,1.883969,1.883952,1.883937,1.883876
0.100000,45,Cyclist,0.875000,0.062500,0.000159,0.003345,0.007496,0.063422,0.007733,0.000000,0.499621,0.002614,0.050000,0.283626,0.011969,1.079752,0.006875,0.062354,0.039944,0.057933,Cyclist,1,0.010000,0.283629,0.011969,1.079762,0.006875,0.062362,0.039944,0.057932,Cyclist,1,0.283630,0.283630,0.283630,0.283629,0.283628,0.283626
0.100000,46,Cyclist,0.875000,0.062500,0.000141,0.003354,0.006542,0.042660,0.003926,0.000000,0.499582,0.002990,0.050000,0.456577,0.190171,1.061103,0.004521,0.054419,0.070923,0.063226,Cyclist,1,0.010000,0.456579,0.190171,1.061110,0.004521,0.054423,0.070923,0.063226,Cyclist,1,0.456579,0.456578,0.456579,0.456579,0.456578,0.456577
0.100000,47,Pedestrian,0.812500,0.093750,0.000140,0.002812,0.007941,0.035456,0.005613,0.000000,0.499630,0.002477,0.002500,0.274024,0.006105,1.066904,0.004770,0.066067,0.024472,0.031286,Pedestrian,1,0.010000,0.274024,0.006105,1.066905,0.004770,0.066067,0.024472,0.031286,Pedestrian,1,0.274024,0.274024,0.274024,0.274024,0.274024,0.274025
0.100000,48,Empty,0.875000,0.062500,0.000281,0.005568,0.017367,0.091478,0.016203,0.000000,0.499442,0.005062,0.050000,4.600400,4.308536,1.145214,0.022244,0.144479,0.007804,0.644806,Vehicle,0,0.010000,4.600410,4.308536,1.145252,0.022247,0.144492,0.007804,0.644803,Vehicle,0,4.600412,4.600412,4.600411,4.600410,4.600408,4.600400
0.100000,49,Vehicle,0.875000,0.062500,0.000130,0.002710,0.006110,0.032718,0.006667,0.000000,0.499656,0.002462,0.050000,1.842892,1.564215,1.111102,0.003608,0.050827,0.053674,0.062737,Cyclist,0,0.010000,1.842992,1.564305,1.111140,0.003608,0.050831,0.053674,0.062737,Cyclist,0,1.843005,1.843008,1.843002,1.842992,1.842967,1.842892
0.100000,50,Empty,0.750000,0.083333,0.000044,0.002590,0.003142,0.035424,0.002498,0.000000,0.499376,0.002019,0.050000,0.258557,0.000999,1.028101,0.002130,0.026139,0.020305,0.037703,Empty,1,0.010000,0.258558,0.000999,1.028105,0.002130,0.026140,0.020304,0.037703,Empty,1,0.258558,0.258558,0.258558,0.258558,0.258557,0.258557
0.100000,51,Vehicle,0.937500,0.062500,0.000112,0.001896,0.005770,0.023368,0.006806,0.000000,0.499767,0.001440,0.050000,0.430320,0.165623,1.055908,0.002880,0.048005,0.036402,0.073721,Vehicle,1,0.010000,0.430327,0.165623,1.055936,0.002881,0.048009,0.036402,0.073721,Vehicle,1,0.430328,0.430327,0.430327,0.430327,0.430325,0.430320
0.100000,52,Pedestrian,0.812500,0.062500,0.000133,0.002692,0.008160,0.042281,0.005004,0.000000,0.499637,0.002105,0.050000,0.267660,0.003481,1.051444,0.005272,0.067871,0.031877,0.038044,Pedestrian,1,0.010000,0.267666,0.003481,1.051467,0.005273,0.067885,0.031877,0.038044,Pedestrian,1,0.267668,0.267668,0.267667,0.267666,0.267665,0.267660
0.100000,53,Vehicle,0.937500,0.062500,0.000148,0.002204,0.004629,0.022941,0.002996,0.000000,0.499753,0.001958,0.050000,0.271246,0.001742,1.074476,0.003540,0.038509,0.024319,0.082069,Vehicle,1,0.010000,0.271258,0.001742,1.074523,0.003541,0.038513,0.024319,0.082069,Vehicle,1,0.271261,0.271259,0.271259,0.271258,0.271254,0.271246
0.100000,54,Empty,0.937500,0.062500,0.000051,0.001756,0.002038,0.020515,0.002410,0.000000,0.499378,0.001175,0.050000,0.258031,0.001027,1.026572,0.001442,0.016957,0.027699,0.020683,Empty,1,0.010000,0.258034,0.001027,1.026586,0.001442,0.016957,0.027699,0.020683,Empty,1,0.258035,0.258036,0.258036,0.258034,0.258033,0.258031
0.100000,55,Cyclist,0.875000,0.125000,0.000139,0.002767,0.006534,0.021044,0.003435,0.000000,0.499699,0.002035,0.050000,0.283927,0.003795,1.116959,0.003568,0.054356,0.046003,0.050321,Cyclist,1,0.010000,0.283928,0.003795,1.116961,0.003569,0.054364,0.046003,0.050321,Cyclist,1,0.283928,0.283928,0.283928,0.283928,0.283928,0.283927
0.100000,56,Vehicle,0.750000,0.083333,0.000137,0.002874,0.007660,0.046441,0.003330,0.000000,0.499569,0.002434,0.050000,0.281460,0.002015,1.111905,0.005877,0.063713,0.269861,0.434499,Vehicle,1,0.010000,0.281471,0.002015,1.111946,0.005879,0.063729,0.269861,0.434500,Vehicle,1,0.281473,0.281473,0.281472,0.281471,0.281468,0.281460
0.100000,57,Cyclist,0.812500,0.093750,0.000137,0.002623,0.005609,0.038297,0.004805,0.000000,0.499610,0.002023,0.050000,0.280991,0.000823,1.117394,0.003281,0.046664,0.022543,0.073098,Cyclist,1,0.010000,0.280993,0.000823,1.117398,0.003281,0.046664,0.022543,0.073098,Cyclist,1,0.280992,0.280993,0.280993,0.280993,0.280992,0.280991
0.100000,58,Pedestrian,0.625000,0.187500,0.000140,0.003314,0.005441,0.025840,0.004931,0.000000,0.499550,0.002875,0.050000,0.287964,0.001143,1.144427,0.002857,0.045255,0.011180,0.039309,Pedestrian,1,0.010000,0.287967,0.001143,1.144439,0.002858,0.045266,0.011180,0.039309,Pedestrian,1,0.287968,0.287967,0.287968,0.287967,0.287966,0.287964
0.100000,59,Pedestrian,0.750000,0.062500,0.000138,0.002506,0.009150,0.040307,0.005663,0.000000,0.499576,0.002340,0.010000,1.393155,1.123978,1.070367,0.006340,0.076128,0.030824,0.025476,Pedestrian,1,0.010000,1.393155,1.123978,1.070367,0.006340,0.076128,0.030824,0.025476,Pedestrian,1,1.393157,1.393157,1.393160,1.393155,1.393165,1.393175
0.100000,60,Pedestrian,0.875000,0.062500,0.000104,0.002486,0.004357,0.038016,0.004021,0.000000,0.499624,0.001760,0.050000,0.264051,0.001556,1.047025,0.002955,0.036245,0.020387,0.029419,Pedestrian,1,0.010000,0.264054,0.001556,1.047038,0.002955,0.036249,0.020387,0.029419,Pedestrian,1,0.264055,0.264054,0.264055,0.264054,0.264053,0.264051
0.100000,61,Vehicle,1.000000,0.000000,0.000066,0.001367,0.004034,0.016898,0.003566,0.000000,0.499723,0.001685,0.000000,0.014813,0.014366,0.000000,0.001790,0.033564,0.022560,0.067495,Vehicle,1,0.010000,0.014813,0.014366,0.000000,0.001790,0.033564,0.022560,0.067495,Vehicle,1,0.014813,0.014813,0.014813,0.014813,0.014813,0.014813
0.100000,62,Pedestrian,1.000000,0.000000,0.000060,0.001277,0.003850,0.020439,0.002379,0.000000,0.499637,0.001117,0.000000,0.001987,0.001498,0.000000,0.001955,0.032035,0.021431,0.021373,Pedestrian,1,0.010000,0.001987,0.001498,0.000000,0.001955,0.032035,0.021431,0.021373,Pedestrian,1,0.001987,0.001987,0.001987,0.001987,0.001987,0.001987
0.100000,63,Pedestrian,0.875000,0.062500,0.000118,0.002539,0.007688,0.037613,0.003495,0.000000,0.499645,0.002081,0.050000,0.274418,0.003261,1.079752,0.004876,0.063954,0.022339,0.026103,Pedestrian,1,0.010000,0.274425,0.003261,1.079777,0.004878,0.063965,0.022339,0.026104,Pedestrian,1,0.274426,0.274426,0.274426,0.274425,0.274423,0.274418
0.100000,64,Cyclist,1.000000,0.000000,0.000099,0.001717,0.005588,0.019589,0.003655,0.000000,0.499669,0.001438,0.000000,0.001535,0.000845,0.000000,0.002760,0.046492,0.028512,0.052421,Cyclist,1,0.010000,0.001535,0.000845,0.000000,0.002760,0.046492,0.028512,0.052421,Cyclist,1,0.001535,0.001535,0.001535,0.001535,0.001535,0.001535
0.100000,65,Pedestrian,0.812500,0.062500,0.000115,0.002826,0.005996,0.043516,0.003670,0.000000,0.499614,0.002017,0.050000,0.261220,0.001597,1.033912,0.004579,0.049871,0.027020,0.027066,Pedestrian,1,0.010000,0.261223,0.001597,1.033923,0.004581,0.049886,0.027020,0.027067,Pedestrian,1,0.261224,0.261223,0.261223,0.261223,0.261222,0.261220
0.100000,66,Vehicle,1.000000,0.000000,0.000131,0.001808,0.007480,0.026764,0.004428,0.000000,0.499768,0.001581,0.000000,0.030005,0.028817,0.000000,0.004750,0.062230,0.040799,0.061426,Vehicle,1,0.010000,0.030005,0.028817,0.000000,0.004750,0.062230,0.040799,0.061426,Vehicle,1,0.030005,0.030005,0.030005,0.030005,0.030005,0.030005
0.100000,67,Pedestrian,0.812500,0.062500,0.000123,0.002550,0.006945,0.045288,0.004989,0.000000,0.499594,0.001845,0.050000,0.259072,0.001239,1.026784,0.004552,0.057765,0.029591,0.024868,Pedestrian,1,0.010000,0.259079,0.001239,1.026808,0.004553,0.057776,0.029591,0.024868,Pedestrian,1,0.259081,0.259080,0.259080,0.259079,0.259078,0.259072
0.100000,68,Pedestrian,0.937500,0.062500,0.000130,0.002670,0.004963,0.033141,0.004844,0.000000,0.499675,0.003044,0.050000,0.264266,0.001884,1.046473,0.003056,0.041286,0.045732,0.028450,Pedestrian,1,0.010000,0.264267,0.001884,1.046477,0.003057,0.041290,0.045732,0.028450,Pedestrian,1,0.264268,0.264268,0.264268,0.264267,0.264267,0.264266
0.100000,69,Pedestrian,0.875000,0.062500,0.000265,0.005386,0.014961,0.104403,0.008598,0.000000,0.499412,0.004510,0.050000,2.705292,2.413503,1.145599,0.021557,0.124473,0.009758,0.893260,Vehicle,0,0.010000,2.705297,2.413503,1.145618,0.021558,0.124473,0.009758,0.893258,Vehicle,0,2.705298,2.705298,2.705298,2.705297,2.705295,2.705292
0.100000,70,Pedestrian,1.000000,0.000000,0.000084,0.001639,0.004108,0.018061,0.004213,0.000000,0.499694,0.001706,0.000000,0.002028,0.001481,0.000000,0.002186,0.034178,0.016151,0.037386,Pedestrian,1,0.010000,0.002028,0.001481,0.000000,0.002186,0.034178,0.016151,0.037386,Pedestrian,1,0.002028,0.002028,0.002028,0.002028,0.002028,0.002028
0.100000,71,Pedestrian,0.875000,0.062500,0.000129,0.002093,0.006581,0.030469,0.006061,0.000000,0.499598,0.001587,0.050000,0.257190,0.001935,1.017148,0.003872,0.054745,0.023217,0.023709,Pedestrian,1,0.010000,0.257194,0.001935,1.017165,0.003873,0.054756,0.023217,0.023709,Pedestrian,1,0.257196,0.257196,0.257196,0.257194,0.257194,0.257190
0.100000,72,Cyclist,0.812500,0.062500,0.000149,0.004147,0.008877,0.076851,0.007091,0.000000,0.499621,0.003392,0.050000,0.279684,0.000894,1.105851,0.009306,0.073849,0.035262,0.055336,Cyclist,1,0.010000,0.279686,0.000894,1.105861,0.009308,0.073860,0.035263,0.055337,Cyclist,1,0.279687,0.279687,0.279686,0.279686,0.279686,0.279684
0.100000,73,Pedestrian,0.937500,0.062500,0.000083,0.002245,0.003253,0.028237,0.003159,0.000000,0.499634,0.001627,0.050000,0.267595,0.001210,1.063003,0.002537,0.027064,0.036036,0.025454,Pedestrian,1,0.010000,0.267596,0.001210,1.063007,0.002537,0.027064,0.036036,0.025454,Pedestrian,1,0.267597,0.267596,0.267597,0.267596,0.267595,0.267595
0.100000,74,Vehicle,0.875000,0.062500,0.000206,0.002813,0.015043,0.037644,0.005503,0.000000,0.499714,0.002663,0.050000,0.285169,0.006417,1.103083,0.011924,0.125140,0.029120,0.050868,Vehicle,1,0.010000,0.285187,0.006417,1.103153,0.011926,0.125155,0.029120,0.050868,Vehicle,1,0.285191,0.285190,0.285189,0.285187,0.285183,0.285169
0.200000,0,Cyclist,0.875000,0.062500,0.000142,0.002464,0.008111,0.029744,0.004593,0.000000,0.499614,0.002032,0.005000,1.519506,1.234149,1.136538,0.004889,0.067484,0.022855,0.049118,Cyclist,1,0.010000,1.519513,1.234156,1.136539,0.004889,0.067484,0.022855,0.049118,Cyclist,1,1.519508,1.519511,1.519506,1.519513,1.519515,1.519514
0.200000,1,Empty,0.812500,0.062500,0.000050,0.002436,0.002240,0.036925,0.003079,0.000000,0.499383,0.001744,0.050000,0.250798,0.001001,0.997237,0.001952,0.018636,0.028904,0.027281,Empty,1,0.010000,0.250799,0.001001,0.997241,0.001952,0.018636,0.028904,0.027282,Empty,1,0.250799,0.250798,0.250798,0.250799,0.250799,0.250798
0.200000,2,Empty,0.750000,0.125000,0.000040,0.002445,0.002656,0.022734,0.002790,0.000000,0.499359,0.002017,0.010000,1.664413,1.400963,1.052226,0.001573,0.022098,0.023303,0.027748,Cyclist,0,0.010000,1.664413,1.400963,1.052226,0.001573,0.022098,0.023303,0.027748,Cyclist,0,1.664435,1.664434,1.664434,1.664413,1.664426,1.664440
0.200000,3,Empty,0.812500,0.062500,0.000060,0.002389,0.002301,0.030303,0.002546,0.000000,0.499383,0.001648,0.050000,1.648387,1.390203,1.030924,0.001814,0.019145,0.018524,0.025805,Cyclist,0,0.010000,1.648404,1.390219,1.030924,0.001814,0.019146,0.018524,0.025805,Cyclist,0,1.648406,1.648402,1.648400,1.648404,1.648399,1.648387
0.200000,4,Empty,0.875000,0.062500,0.000041,0.002257,0.002526,0.026000,0.002400,0.000000,0.499376,0.001563,0.050000,0.249660,0.000938,0.993211,0.001677,0.021013,0.023180,0.033048,Empty,1,0.010000,0.249661,0.000938,0.993216,0.001677,0.021013,0.023180,0.033048,Empty,1,0.249662,0.249661,0.249661,0.249661,0.249661,0.249660
0.200000,5,Empty,0.687500,0.078125,0.000030,0.002796,0.003391,0.037462,0.002788,0.000000,0.499374,0.002473,0.050000,0.256492,0.000951,1.019935,0.002228,0.028214,0.024415,0.021923,Empty,1,0.010000,0.256493,0.000951,1.019938,0.002228,0.028214,0.024415,0.021924,Empty,1,0.256493,0.256493,0.256493,0.256493,0.256493,0.256492
0.200000,6,Cyclist,0.937500,0.062500,0.000128,0.002604,0.009406,0.028750,0.004740,0.000000,0.499603,0.002102,0.000000,0.275725,0.001593,1.091282,0.005244,0.078259,0.020009,0.054429,Cyclist,1,0.010000,0.275725,0.001593,1.091284,0.005244,0.078259,0.020009,0.054429,Cyclist,1,0.275725,0.275725,0.275725,0.275725,0.275726,0.275727
0.200000,7,Pedestrian,0.875000,0.062500,0.000154,0.002998,0.007276,0.039066,0.005170,0.000000,0.499705,0.002938,0.050000,0.268243,0.002611,1.057253,0.005274,0.060531,0.055459,0.026874,Pedestrian,1,0.010000,0.268248,0.002611,1.057273,0.005275,0.060535,0.055459,0.026874,Pedestrian,1,0.268250,0.268250,0.268249,0.268248,0.268247,0.268243
0.200000,8,Pedestrian,0.750000,0.125000,0.000186,0.004410,0.012025,0.062447,0.009653,0.000000,0.499311,0.003950,0.050000,4.620939,4.333298,1.139898,0.010664,0.100044,0.007149,0.624733,Empty,0,0.010000,4.620940,4.333298,1.139904,0.010664,0.100049,0.007149,0.624732,Empty,0,4.620940,4.620940,4.620940,4.620940,4.620940,4.620939
0.200000,9,Vehicle,0.687500,0.062500,0.000222,0.003522,0.016074,0.072048,0.003839,0.000000,0.499694,0.002975,0.050000,0.285932,0.005128,1.109535,0.013683,0.133711,0.029640,0.068935,Vehicle,1,0.010000,0.285950,0.005128,1.109601,0.013687,0.133730,0.029640,0.068935,Vehicle,1,0.285954,0.285953,0.285952,0.285950,0.285945,0.285932
0.200000,10,Cyclist,0.750000,0.062500,0.000222,0.006996,0.012203,0.097248,0.006576,0.000000,0.499410,0.006305,0.005000,0.409516,0.120868,1.137914,0.016678,0.101522,0.010230,0.855087,Cyclist,1,0.010000,0.409517,0.120868,1.137915,0.016677,0.101522,0.010230,0.855087,Cyclist,1,0.409517,0.409517,0.409516,0.409517,0.409517,0.409517
0.200000,11,Empty,0.625000,0.093750,0.000239,0.006813,0.015582,0.086462,0.009734,0.000000,0.499272,0.006155,0.050000,0.318699,0.026031,1.146176,0.024494,0.129604,0.011882,0.819431,Empty,1,0.010000,0.318707,0.026031,1.146195,0.024508,0.129634,0.011882,0.819436,Empty,1,0.318708,0.318708,0.318707,0.318707,0.318705,0.318699
0.200000,12,Vehicle,0.812500,0.062500,0.000182,0.003268,0.011620,0.054584,0.003929,0.000000,0.499699,0.002924,0.050000,0.285353,0.011537,1.085998,0.009265,0.096665,0.032138,0.073515,Vehicle,1,0.010000,0.285368,0.011537,1.086056,0.009267,0.096681,0.032138,0.073515,Vehicle,1,0.285372,0.285371,0.285371,0.285368,0.285365,0.285353
0.200000,13,Pedestrian,0.750000,0.083333,0.000139,0.002787,0.006811,0.043566,0.004353,0.000000,0.499582,0.002229,0.050000,0.267627,0.001206,1.061139,0.004541,0.056656,0.029392,0.033145,Pedestrian,1,0.010000,0.267629,0.001206,1.061150,0.004542,0.056665,0.029393,0.033145,Pedestrian,1,0.267630,0.267630,0.267629,0.267629,0.267629,0.267627
0.200000,14,Vehicle,0.812500,0.062500,0.000173,0.002918,0.009169,0.037600,0.005030,0.000000,0.499720,0.002587,0.050000,1.918245,1.638358,1.112775,0.006773,0.076270,0.051482,0.072822,Cyclist,0,0.010000,1.918342,1.638445,1.112812,0.006774,0.076281,0.051482,0.072821,Cyclist,0,1.918371,1.918367,1.918356,1.918342,1.918321,1.918245
0.200000,15,Empty,0.875000,0.125000,0.000313,0.004045,0.019527,0.066904,0.011694,0.000000,0.499268,0.004154,0.050000,0.302555,0.003486,1.171280,0.025000,0.162458,0.009647,0.642710,Empty,1,0.010000,0.302558,0.003486,1.171291,0.025001,0.162462,0.009647,0.642710,Empty,1,0.302559,0.302560,0.302558,0.302558,0.302558,0.302555
0.200000,16,Vehicle,0.687500,0.062500,0.000211,0.003455,0.014374,0.065797,0.003372,0.000000,0.499644,0.002922,0.050000,0.284304,0.002452,1.114745,0.012662,0.119562,0.024883,0.079507,Vehicle,1,0.010000,0.284325,0.002452,1.114826,0.012666,0.119589,0.024883,0.079507,Vehicle,1,0.284330,0.284329,0.284328,0.284325,0.284320,0.284304
0.200000,17,Vehicle,0.750000,0.062500,0.000181,0.003679,0.008456,0.056033,0.008263,0.000000,0.499613,0.003379,0.050000,1.846373,1.567906,1.106803,0.007065,0.070356,0.053588,0.061492,Cyclist,0,0.010000,1.846484,1.568013,1.106819,0.007065,0.070356,0.053588,0.061492,Cyclist,0,1.846508,1.846501,1.846492,1.846484,1.846456,1.846373
0.200000,18,Empty,0.500000,0.100000,0.000028,0.002654,0.003714,0.041044,0.002851,0.000000,0.499367,0.003052,0.000000,1.703315,1.443436,1.037010,0.002506,0.030899,0.021154,0.037361,Cyclist,0,0.010000,1.703325,1.443446,1.037009,0.002506,0.030899,0.021154,0.037361,Cyclist,0,1.703315,1.703326,1.703320,1.703325,1.703323,1.703335
0.200000,19,Cyclist,1.000000,0.000000,0.000159,0.002154,0.006528,0.029729,0.003590,0.000000,0.499568,0.001802,0.000000,0.003258,0.001497,0.000000,0.007043,0.054312,0.022094,0.056220,Cyclist,1,0.010000,0.003258,0.001497,0.000000,0.007043,0.054312,0.022094,0.056220,Cyclist,1,0.003258,0.003258,0.003258,0.003258,0.003258,0.003258
0.200000,20,Vehicle,1.000000,0.000000,0.000069,0.001339,0.004323,0.022188,0.005033,0.000000,0.499782,0.001343,0.000000,0.015153,0.014592,0.000000,0.002245,0.035968,0.027288,0.060456,Vehicle,1,0.010000,0.015153,0.014592,0.000000,0.002245,0.035968,0.027288,0.060456,Vehicle,1,0.015153,0.015153,0.015153,0.015153,0.015153,0.015153
0.200000,21,Empty,0.875000,0.062500,0.000051,0.002165,0.002348,0.030540,0.002445,0.000000,0.499376,0.001448,0.050000,0.251733,0.000996,1.001219,0.001730,0.019535,0.018261,0.035369,Empty,1,0.010000,0.251734,0.000996,1.001224,0.001730,0.019535,0.018261,0.035369,Empty,1,0.251735,0.251734,0.251734,0.251734,0.251733,0.251733
0.200000,22,Cyclist,0.812500,0.062500,0.000159,0.002695,0.010714,0.041511,0.006627,0.000000,0.499655,0.002005,0.050000,0.660973,0.385909,1.093463,0.006796,0.089116,0.028636,0.069368,Cyclist,1,0.010000,0.660976,0.385909,1.093473,0.006798,0.089135,0.028636,0.069368,Cyclist,1,0.660976,0.660977,0.660977,0.660976,0.660975,0.660973
0.200000,23,Empty,0.812500,0.062500,0.000046,0.002405,0.002987,0.036245,0.002730,0.000000,0.499374,0.001725,0.050000,0.254708,0.001007,1.012671,0.002134,0.024848,0.015881,0.025710,Empty,1,0.010000,0.254710,0.001007,1.012680,0.002134,0.024851,0.015881,0.025710,Empty,1,0.254711,0.254710,0.254710,0.254710,0.254710,0.254708
0.200000,24,Empty,0.562500,0.109375,0.000030,0.002835,0.003442,0.037741,0.002196,0.000000,0.499373,0.002718,0.050000,0.260795,0.001023,1.036852,0.002238,0.028637,0.017049,0.035122,Empty,1,0.010000,0.260796,0.001023,1.036856,0.002238,0.028638,0.017049,0.035122,Empty,1,0.260797,0.260797,0.260796,0.260796,0.260796,0.260795
0.200000,25,Cyclist,0.750000,0.083333,0.000154,0.004878,0.010776,0.060812,0.017985,0.000000,0.499420,0.004529,0.050000,4.861724,4.573575,1.141534,0.011061,0.089649,0.013248,0.590129,Vehicle,0,0.010000,4.861725,4.573575,1.141535,0.011063,0.089660,0.013248,0.590130,Vehicle,0,4.861725,4.861725,4.861725,4.861725,4.861724,4.861724
0.200000,26,Pedestrian,0.812500,0.062500,0.000123,0.002630,0.006107,0.041372,0.006142,0.000000,0.499613,0.002026,0.050000,0.261785,0.001318,1.037795,0.004073,0.050806,0.034918,0.020181,Pedestrian,1,0.010000,0.261788,0.001318,1.037804,0.004074,0.050814,0.034918,0.020181,Pedestrian,1,0.261789,0.261788,0.261789,0.261788,0.261787,0.261785
0.200000,27,Cyclist,0.750000,0.062500,0.000134,0.002499,0.008470,0.040789,0.004071,0.000000,0.499595,0.002213,0.050000,0.275153,0.001754,1.088131,0.005462,0.070455,0.014154,0.069408,Cyclist,1,0.010000,0.275156,0.001754,1.088144,0.005463,0.070466,0.014154,0.069409,Cyclist,1,0.275157,0.275157,0.275157,0.275156,0.275155,0.275153
0.200000,28,Cyclist,0.875000,0.062500,0.000165,0.004265,0.008527,0.059844,0.006756,0.000000,0.499658,0.003205,0.000000,0.364372,0.085943,1.105015,0.008701,0.070947,0.050376,0.059109,Cyclist,1,0.010000,0.364373,0.085943,1.105017,0.008701,0.070947,0.050376,0.059109,Cyclist,1,0.364372,0.364372,0.364373,0.364373,0.364373,0.364374
0.200000,29,Vehicle,0.687500,0.104167,0.000194,0.003208,0.011559,0.041735,0.004276,0.000000,0.499622,0.002734,0.050000,0.539248,0.265445,1.086404,0.008809,0.096155,0.035901,0.056975,Vehicle,1,0.010000,0.539259,0.265445,1.086444,0.008812,0.096170,0.035901,0.056975,Vehicle,1,0.539261,0.539261,0.539260,0.539259,0.539256,0.539248
0.200000,30,Empty,0.812500,0.062500,0.000048,0.002362,0.003699,0.038440,0.003000,0.000000,0.499362,0.002128,0.050000,0.254775,0.001037,1.012632,0.002317,0.030777,0.027956,0.025345,Empty,1,0.010000,0.254776,0.001037,1.012638,0.002317,0.030778,0.027956,0.025346,Empty,1,0.254777,0.254777,0.254777,0.254776,0.254776,0.254775
0.200000,31,Empty,0.875000,0.062500,0.000037,0.001901,0.002366,0.021331,0.002250,0.000000,0.499382,0.001177,0.005000,0.252637,0.001036,1.004925,0.001476,0.019683,0.020394,0.024574,Empty,1,0.010000,0.252637,0.001036,1.004926,0.001476,0.019683,0.020394,0.024574,Empty,1,0.252637,0.252637,0.252637,0.252637,0.252637,0.252637
0.200000,32,Empty,0.812500,0.062500,0.000036,0.002221,0.001784,0.027286,0.002668,0.000000,0.499376,0.001568,0.050000,0.256785,0.001041,1.021446,0.001531,0.014841,0.020557,0.026757,Empty,1,0.010000,0.256786,0.001041,1.021450,0.001531,0.014841,0.020557,0.026758,Empty,1,0.256786,0.256786,0.256786,0.256786,0.256786,0.256785
0.200000,33,Cyclist,0.875000,0.125000,0.000125,0.002815,0.006727,0.027579,0.003089,0.000000,0.499639,0.002193,0.050000,0.283397,0.006647,1.103155,0.003844,0.055965,0.016693,0.051323,Cyclist,1,0.010000,0.283399,0.006647,1.103162,0.003844,0.055969,0.016693,0.051322,Cyclist,1,0.283399,0.283400,0.283399,0.283399,0.283399,0.283397
0.200000,34,Vehicle,0.812500,0.062500,0.000178,0.002574,0.011880,0.048647,0.003817,0.000000,0.499684,0.001996,0.050000,5.115544,4.840913,1.088599,0.009926,0.098829,0.033456,0.066472,Cyclist,0,0.010000,5.115560,4.840913,1.088663,0.009927,0.098835,0.033456,0.066472,Cyclist,0,5.115564,5.115563,5.115562,5.115560,5.115556,5.115544
0.200000,35,Empty,0.875000,0.062500,0.000050,0.002113,0.002107,0.020873,0.002116,0.000000,0.499379,0.001414,0.050000,0.250569,0.001098,0.996456,0.001427,0.017534,0.035363,0.017976,Empty,1,0.010000,0.250569,0.001098,0.996459,0.001427,0.017534,0.035363,0.017976,Empty,1,0.250569,0.250569,0.250569,0.250569,0.250569,0.250569
0.200000,36,Empty,0.750000,0.125000,0.000027,0.002588,0.002862,0.017380,0.002038,0.000000,0.499373,0.002038,0.050000,0.260442,0.001029,1.036070,0.001585,0.023810,0.024673,0.026157,Empty,1,0.010000,0.260445,0.001029,1.036079,0.001585,0.023810,0.024673,0.026158,Empty,1,0.260445,0.260445,0.260445,0.260445,0.260444,0.260442
0.200000,37,Cyclist,1.000000,0.000000,0.000089,0.002113,0.004065,0.015961,0.003818,0.000000,0.499715,0.001836,0.000000,0.005691,0.005250,0.000000,0.001767,0.033818,0.137733,0.192017,Cyclist,1,0.010000,0.005691,0.005250,0.000000,0.001767,0.033818,0.137733,0.192017,Cyclist,1,0.005691,0.005691,0.005691,0.005691,0.005691,0.005691
0.200000,38,Empty,0.750000,0.083333,0.000057,0.002780,0.002635,0.041030,0.003216,0.000000,0.499387,0.002229,0.050000,0.252210,0.000953,1.002834,0.002195,0.021924,0.023308,0.026020,Empty,1,0.010000,0.252212,0.000953,1.002842,0.002195,0.021924,0.023308,0.026020,Empty,1,0.252212,0.252212,0.252212,0.252212,0.252212,0.252210
0.200000,39,Empty,0.625000,0.125000,0.000032,0.002699,0.003480,0.029305,0.002858,0.000000,0.499370,0.002397,0.050000,0.259872,0.000983,1.033568,0.001988,0.028949,0.027807,0.032907,Empty,1,0.010000,0.259873,0.000983,1.033573,0.001988,0.028951,0.027807,0.032907,Empty,1,0.259874,0.259874,0.259873,0.259873,0.259873,0.259872
0.200000,40,Vehicle,0.812500,0.062500,0.000169,0.003112,0.011270,0.046287,0.006611,0.000000,0.499669,0.002814,0.050000,0.283212,0.001200,1.119012,0.009038,0.093752,0.066814,0.057219,Vehicle,1,0.010000,0.283227,0.001200,1.119069,0.009039,0.093762,0.066814,0.057219,Vehicle,1,0.283230,0.283230,0.283229,0.283227,0.283224,0.283212
0.200000,41,Empty,0.812500,0.062500,0.000036,0.002506,0.002214,0.037278,0.002524,0.000000,0.499367,0.001963,0.050000,0.250114,0.001015,0.994345,0.002054,0.018423,0.018225,0.028452,Empty,1,0.010000,0.250115,0.001015,0.994346,0.002054,0.018423,0.018225,0.028452,Empty,1,0.250115,0.250116,0.250115,0.250115,0.250115,0.250114
0.200000,42,Vehicle,0.750000,0.062500,0.000187,0.002866,0.007599,0.038436,0.002621,0.000000,0.499685,0.002292,0.050000,1.813881,1.538329,1.096548,0.005661,0.063211,0.024980,0.074078,Cyclist,0,0.010000,1.813977,1.538419,1.096571,0.005662,0.063217,0.024980,0.074078,Cyclist,0,1.814011,1.813997,1.814001,1.813977,1.813953,1.813881
0.200000,43,Empty,0.687500,0.104167,0.000041,0.002811,0.002861,0.043984,0.003469,0.000000,0.499387,0.002653,0.050000,0.257235,0.001000,1.022582,0.002360,0.023801,0.014942,0.032581,Empty,1,0.010000,0.257236,0.001000,1.022586,0.002360,0.023802,0.014942,0.032581,Empty,1,0.257237,0.257237,0.257237,0.257236,0.257236,0.257235
0.200000,44,Vehicle,0.812500,0.062500,0.000151,0.002776,0.007826,0.040799,0.004625,0.000000,0.499670,0.002210,0.050000,0.279473,0.005817,1.088624,0.006000,0.065100,0.039546,0.065924,Vehicle,1,0.010000,0.279484,0.005817,1.088664,0.006001,0.065109,0.039547,0.065924,Vehicle,1,0.279486,0.279485,0.279485,0.279484,0.279481,0.279473
0.200000,45,Cyclist,0.812500,0.093750,0.000165,0.003594,0.008421,0.054690,0.006621,0.000000,0.499641,0.003030,0.010000,0.281712,0.011969,1.073306,0.005663,0.070059,0.039498,0.058155,Cyclist,1,0.010000,0.281712,0.011969,1.073306,0.005663,0.070059,0.039498,0.058155,Cyclist,1,0.281712,0.281712,0.281712,0.281712,0.281712,0.281712
0.200000,46,Cyclist,0.875000,0.062500,0.000136,0.003268,0.006117,0.044947,0.005030,0.000000,0.499574,0.002848,0.050000,0.461672,0.190171,1.081786,0.004220,0.050887,0.070800,0.064275,Cyclist,1,0.010000,0.461673,0.190171,1.081788,0.004220,0.050890,0.070800,0.064276,Cyclist,1,0.461673,0.461673,0.461673,0.461673,0.461672,0.461672
0.200000,47,Pedestrian,0.875000,0.062500,0.000132,0.002514,0.007093,0.037825,0.004872,0.000000,0.499646,0.002107,0.002500,1.447127,1.173986,1.088227,0.004335,0.059014,0.024902,0.035783,Pedestrian,1,0.010000,1.447135,1.173994,1.088229,0.004335,0.059010,0.024902,0.035783,Pedestrian,1,1.447128,1.447127,1.447133,1.447135,1.447139,1.447150
0.200000,48,Empty,0.562500,0.072917,0.000188,0.005123,0.013224,0.075517,0.009000,0.000000,0.499360,0.005752,0.050000,4.600029,4.308536,1.150836,0.015136,0.109999,0.007917,0.657252,Vehicle,0,0.010000,4.600031,4.308536,1.150843,0.015140,0.110014,0.007917,0.657248,Vehicle,0,4.600032,4.600032,4.600032,4.600031,4.600031,4.600029
0.200000,49,Vehicle,0.875000,0.125000,0.000125,0.002749,0.006291,0.024155,0.006366,0.000000,0.499662,0.002491,0.050000,0.281532,0.002293,1.113719,0.003237,0.052341,0.053586,0.062798,Vehicle,1,0.010000,0.281536,0.002293,1.113735,0.003237,0.052345,0.053586,0.062798,Vehicle,1,0.281537,0.281537,0.281537,0.281536,0.281535,0.281532
0.200000,50,Empty,0.937500,0.062500,0.000049,0.001886,0.003066,0.017115,0.002814,0.000000,0.499385,0.001051,0.050000,0.250803,0.000999,0.997687,0.001530,0.025511,0.020397,0.024186,Empty,1,0.010000,0.250804,0.000999,0.997691,0.001530,0.025511,0.020397,0.024186,Empty,1,0.250805,0.250804,0.250805,0.250804,0.250804,0.250803
0.200000,51,Vehicle,0.750000,0.083333,0.000193,0.002830,0.010452,0.030939,0.006488,0.000000,0.499697,0.002306,0.050000,0.439125,0.165623,1.086288,0.007720,0.086947,0.036649,0.082352,Vehicle,1,0.010000,0.439131,0.165623,1.086308,0.007722,0.086961,0.036649,0.082352,Vehicle,1,0.439132,0.439131,0.439131,0.439131,0.439129,0.439125
0.200000,52,Pedestrian,0.625000,0.075000,0.000159,0.003630,0.010884,0.067226,0.004087,0.000000,0.499573,0.003156,0.050000,0.273466,0.003481,1.071848,0.008091,0.090529,0.031043,0.035455,Pedestrian,1,0.010000,0.273471,0.003481,1.071868,0.008093,0.090548,0.031042,0.035455,Pedestrian,1,0.273473,0.273472,0.273472,0.273471,0.273470,0.273466
0.200000,53,Vehicle,0.750000,0.062500,0.000203,0.003103,0.013080,0.047710,0.003304,0.000000,0.499657,0.002689,0.050000,1.801481,1.530152,1.073739,0.011577,0.108805,0.025211,0.073072,Cyclist,0,0.010000,1.801603,1.530256,1.073807,0.011581,0.108824,0.025211,0.073071,Cyclist,0,1.801642,1.801643,1.801629,1.801603,1.801575,1.801481
0.200000,54,Empty,0.750000,0.062500,0.000045,0.002623,0.002399,0.038962,0.002860,0.000000,0.499380,0.002015,0.050000,1.675135,1.419452,1.020670,0.002063,0.019955,0.027685,0.029459,Cyclist,0,0.010000,1.675144,1.419460,1.020675,0.002063,0.019956,0.027685,0.029459,Cyclist,0,1.675146,1.675140,1.675143,1.675144,1.675141,1.675135
0.200000,55,Cyclist,0.812500,0.062500,0.000151,0.002791,0.009338,0.041462,0.003472,0.000000,0.499651,0.002103,0.050000,0.277456,0.003795,1.088508,0.006135,0.077673,0.046907,0.048644,Cyclist,1,0.010000,0.277464,0.003795,1.088537,0.006137,0.077690,0.046907,0.048644,Cyclist,1,0.277466,0.277465,0.277465,0.277464,0.277462,0.277456
0.200000,56,Vehicle,0.875000,0.062500,0.000123,0.002872,0.005862,0.026519,0.003584,0.000000,0.499618,0.002282,0.050000,0.287567,0.002015,1.138327,0.003884,0.048766,0.270590,0.424141,Vehicle,1,0.010000,0.287569,0.002015,1.138336,0.003884,0.048768,0.270590,0.424141,Vehicle,1,0.287570,0.287570,0.287570,0.287569,0.287569,0.287567
0.200000,57,Cyclist,0.937500,0.062500,0.000136,0.002073,0.008587,0.034378,0.005196,0.000000,0.499677,0.001528,0.000000,0.275345,0.000823,1.091394,0.006695,0.071440,0.021535,0.065495,Cyclist,1,0.010000,0.275347,0.000823,1.091404,0.006695,0.071437,0.021535,0.065495,Cyclist,1,0.275345,0.275346,0.275346,0.275347,0.275348,0.275353
0.200000,58,Pedestrian,0.812500,0.093750,0.000120,0.002873,0.005986,0.034892,0.003320,0.000000,0.499622,0.002157,0.050000,0.266230,0.001143,1.056667,0.003680,0.049798,0.010929,0.030422,Pedestrian,1,0.010000,0.266233,0.001143,1.056678,0.003681,0.049806,0.010929,0.030422,Pedestrian,1,0.266234,0.266233,0.266233,0.266233,0.266232,0.266230
0.200000,59,Pedestrian,0.875000,0.062500,0.000118,0.002076,0.006949,0.024918,0.005491,0.000000,0.499596,0.001721,0.050000,0.409343,0.159249,0.996519,0.003858,0.057809,0.030289,0.020951,Pedestrian,1,0.010000,0.409346,0.159249,0.996530,0.003858,0.057809,0.030289,0.020951,Pedestrian,1,0.409347,0.409347,0.409347,0.409346,0.409345,0.409343
0.200000,60,Pedestrian,0.750000,0.062500,0.000129,0.002750,0.006989,0.037619,0.004399,0.000000,0.499585,0.002124,0.005000,1.434100,1.169115,1.055502,0.004439,0.058151,0.020645,0.030692,Pedestrian,1,0.010000,1.434107,1.169122,1.055502,0.004439,0.058146,0.020645,0.030692,Pedestrian,1,1.434101,1.434102,1.434100,1.434107,1.434107,1.434125
0.200000,61,Vehicle,0.812500,0.062500,0.000148,0.002942,0.008737,0.045649,0.004186,0.000000,0.499659,0.002348,0.050000,0.284519,0.014366,1.074339,0.006275,0.072678,0.023528,0.056869,Vehicle,1,0.010000,0.284527,0.014366,1.074366,0.006277,0.072693,0.023528,0.056869,Vehicle,1,0.284529,0.284528,0.284527,0.284527,0.284525,0.284519
0.200000,62,Pedestrian,0.687500,0.078125,0.000123,0.002911,0.005266,0.042543,0.004496,0.000000,0.499563,0.002453,0.050000,0.265136,0.001498,1.050981,0.003571,0.043804,0.021654,0.025712,Pedestrian,1,0.010000,0.265139,0.001498,1.050992,0.003571,0.043810,0.021654,0.025713,Pedestrian,1,0.265140,0.265139,0.265140,0.265139,0.265138,0.265136
0.200000,63,Pedestrian,0.937500,0.062500,0.000104,0.002318,0.006498,0.029343,0.003395,0.000000,0.499673,0.001938,0.050000,0.263426,0.003261,1.036918,0.003740,0.054060,0.021922,0.021375,Pedestrian,1,0.010000,0.263431,0.003261,1.036937,0.003741,0.054066,0.021923,0.021375,Pedestrian,1,0.263431,0.263431,0.263431,0.263431,0.263429,0.263426
0.200000,64,Cyclist,0.750000,0.083333,0.000147,0.002809,0.008042,0.037795,0.002938,0.000000,0.499591,0.002216,0.050000,0.281413,0.000845,1.117497,0.004778,0.066908,0.029680,0.064989,Cyclist,1,0.010000,0.281415,0.000845,1.117502,0.004778,0.066912,0.029680,0.064990,Cyclist,1,0.281415,0.281415,0.281415,0.281415,0.281414,0.281413
0.200000,65,Pedestrian,0.750000,0.125000,0.000129,0.002895,0.005207,0.032097,0.002839,0.000000,0.499595,0.002157,0.050000,0.275900,0.001597,1.093808,0.003406,0.043313,0.027315,0.024760,Pedestrian,1,0.010000,0.275901,0.001597,1.093811,0.003406,0.043318,0.027315,0.024760,Pedestrian,1,0.275901,0.275901,0.275901,0.275901,0.275901,0.275900
0.200000,66,Vehicle,0.625000,0.075000,0.000204,0.003143,0.013180,0.059378,0.004532,0.000000,0.499604,0.002829,0.050000,0.319055,0.028817,1.150332,0.010618,0.109634,0.042973,0.079063,Vehicle,1,0.010000,0.319064,0.028817,1.150366,0.010621,0.109657,0.042973,0.079063,Vehicle,1,0.319066,0.319066,0.319065,0.319064,0.319062,0.319055
0.200000,67,Pedestrian,0.750000,0.125000,0.000125,0.003008,0.004757,0.040631,0.003708,0.000000,0.499570,0.002395,0.050000,0.275176,0.001239,1.092401,0.003349,0.039572,0.029796,0.034018,Pedestrian,1,0.010000,0.275177,0.001239,1.092402,0.003350,0.039572,0.029797,0.034018,Pedestrian,1,0.275177,0.275178,0.275177,0.275177,0.275177,0.275176
0.200000,68,Pedestrian,0.750000,0.083333,0.000163,0.003829,0.006192,0.051322,0.003099,0.000000,0.499614,0.003513,0.000000,1.559122,1.282932,1.100162,0.004597,0.051521,0.044815,0.041535,Cyclist,0,0.010000,1.559130,1.282940,1.100163,0.004597,0.051521,0.044815,0.041534,Cyclist,0,1.559122,1.559122,1.559128,1.559130,1.559137,1.559143
0.200000,69,Pedestrian,0.687500,0.078125,0.000219,0.004893,0.013414,0.073088,0.006159,0.000000,0.499400,0.004231,0.050000,2.704098,2.413503,1.146682,0.015698,0.111592,0.010639,0.884025,Vehicle,0,0.010000,2.704101,2.413503,1.146692,0.015700,0.111604,0.010639,0.884025,Vehicle,0,2.704102,2.704101,2.704101,2.704101,2.704100,2.704098
0.200000,70,Pedestrian,0.625000,0.125000,0.000168,0.003377,0.008148,0.033694,0.003951,0.000000,0.499600,0.003159,0.050000,0.278273,0.001481,1.102406,0.004762,0.067776,0.016570,0.022489,Pedestrian,1,0.010000,0.278275,0.001481,1.102411,0.004763,0.067790,0.016570,0.022489,Pedestrian,1,0.278275,0.278275,0.278275,0.278275,0.278274,0.278273
0.200000,71,Pedestrian,0.875000,0.062500,0.000128,0.002090,0.006637,0.030692,0.005546,0.000000,0.499593,0.001573,0.050000,0.259095,0.001935,1.024677,0.003965,0.055212,0.022976,0.022754,Pedestrian,1,0.010000,0.259100,0.001935,1.024695,0.003966,0.055223,0.022976,0.022754,Pedestrian,1,0.259102,0.259101,0.259101,0.259100,0.259099,0.259095
0.200000,72,Cyclist,0.875000,0.062500,0.000153,0.003754,0.009834,0.066775,0.005759,0.000000,0.499646,0.003066,0.050000,0.282520,0.000894,1.118822,0.007680,0.081818,0.034893,0.058381,Cyclist,1,0.010000,0.282523,0.000894,1.118836,0.007681,0.081822,0.034893,0.058380,Cyclist,1,0.282523,0.282524,0.282523,0.282523,0.282522,0.282520
0.200000,73,Pedestrian,0.750000,0.083333,0.000120,0.003118,0.005652,0.041661,0.006689,0.000000,0.499583,0.002399,0.050000,0.273053,0.001210,1.083201,0.004171,0.047016,0.035494,0.039547,Pedestrian,1,0.010000,0.273055,0.001210,1.083209,0.004172,0.047024,0.035494,0.039547,Pedestrian,1,0.273055,0.273056,0.273055,0.273055,0.273054,0.273053
0.200000,74,Vehicle,0.750000,0.083333,0.000207,0.003449,0.012195,0.045476,0.004881,0.000000,0.499701,0.002893,0.050000,0.287290,0.006417,1.113883,0.009608,0.101449,0.029310,0.060887,Vehicle,1,0.010000,0.287296,0.006417,1.113905,0.009610,0.101460,0.029310,0.060887,Vehicle,1,0.287297,0.287297,0.287296,0.287296,0.287294,0.287290
0.300000,0,Cyclist,0.812500,0.062500,0.000129,0.002893,0.008089,0.041756,0.004526,0.000000,0.499604,0.002364,0.050000,0.268612,0.002980,1.057263,0.005265,0.067291,0.023691,0.051624,Cyclist,1,0.010000,0.268613,0.002980,1.057263,0.005266,0.067303,0.023691,0.051624,Cyclist,1,0.268613,0.268612,0.268613,0.268613,0.268613,0.268612
0.300000,1,Empty,0.625000,0.075000,0.000029,0.002891,0.003154,0.047074,0.002884,0.000000,0.499371,0.002706,0.050000,0.256135,0.001001,1.017982,0.002556,0.026244,0.028988,0.035543,Empty,1,0.010000,0.256136,0.001001,1.017987,0.002556,0.026244,0.028988,0.035544,Empty,1,0.256136,0.256136,0.256136,0.256136,0.256136,0.256135
0.300000,2,Empty,0.687500,0.078125,0.000039,0.002496,0.003022,0.039371,0.004158,0.000000,0.499359,0.002323,0.050000,0.259917,0.001059,1.033273,0.002158,0.025144,0.023292,0.027160,Empty,1,0.010000,0.259918,0.001059,1.033278,0.002158,0.025144,0.023292,0.027161,Empty,1,0.259918,0.259918,0.259918,0.259918,0.259917,0.259917
0.300000,3,Empty,0.562500,0.145833,0.000059,0.002844,0.003859,0.033382,0.002477,0.000000,0.499381,0.002973,0.050000,0.262846,0.001037,1.044945,0.002291,0.032104,0.018502,0.035835,Empty,1,0.010000,0.262847,0.001037,1.044949,0.002292,0.032104,0.018502,0.035835,Empty,1,0.262847,0.262847,0.262847,0.262847,0.262847,0.262846
0.300000,4,Empty,0.750000,0.062500,0.000061,0.002409,0.003481,0.031727,0.001838,0.000000,0.499378,0.001792,0.050000,1.672431,1.415730,1.024514,0.002290,0.028961,0.023331,0.033584,Cyclist,0,0.010000,1.672452,1.415750,1.024519,0.002290,0.028962,0.023331,0.033584,Cyclist,0,1.672461,1.672461,1.672455,1.672452,1.672450,1.672431
0.300000,5,Empty,0.750000,0.083333,0.000035,0.002464,0.001799,0.025994,0.002167,0.000000,0.499370,0.001845,0.000000,1.694374,1.436427,1.030242,0.001548,0.014971,0.024335,0.021671,Cyclist,0,0.010000,1.694387,1.436440,1.030242,0.001548,0.014971,0.024335,0.021671,Cyclist,0,1.694374,1.694376,1.694380,1.694387,1.694381,1.694388
0.300000,6,Cyclist,0.625000,0.075000,0.000116,0.003104,0.007298,0.056247,0.004525,0.000000,0.499504,0.002921,0.050000,0.277955,0.001593,1.100627,0.004820,0.060718,0.020652,0.072398,Cyclist,1,0.010000,0.277955,0.001593,1.100628,0.004821,0.060718,0.020652,0.072399,Cyclist,1,0.277956,0.277956,0.277956,0.277955,0.277955,0.277955
0.300000,7,Pedestrian,0.875000,0.062500,0.000149,0.003019,0.008138,0.038513,0.004790,0.000000,0.499683,0.002963,0.050000,0.265744,0.002611,1.046597,0.005935,0.067702,0.055140,0.036593,Pedestrian,1,0.010000,0.265749,0.002611,1.046615,0.005935,0.067705,0.055140,0.036593,Pedestrian,1,0.265749,0.265750,0.265749,0.265749,0.265748,0.265744
0.300000,8,Pedestrian,0.875000,0.062500,0.000226,0.004394,0.016089,0.065528,0.015443,0.000000,0.499215,0.003820,0.050000,4.636351,4.333298,1.196406,0.015806,0.133855,0.008863,0.626216,Empty,0,0.010000,4.636353,4.333298,1.196413,0.015807,0.133857,0.008862,0.626217,Empty,0,4.636354,4.636354,4.636354,4.636353,4.636353,4.636351
0.300000,9,Vehicle,0.750000,0.083333,0.000202,0.003300,0.011885,0.042983,0.003257,0.000000,0.499691,0.002678,0.050000,0.290173,0.005128,1.131592,0.008589,0.098865,0.030544,0.067549,Vehicle,1,0.010000,0.290185,0.005128,1.131640,0.008591,0.098875,0.030544,0.067549,Vehicle,1,0.290190,0.290189,0.290188,0.290185,0.290183,0.290173
0.300000,10,Cyclist,0.562500,0.109375,0.000230,0.004968,0.012765,0.056449,0.007686,0.000000,0.499331,0.005089,0.050000,1.528603,1.239816,1.143656,0.011495,0.106196,0.011538,0.872394,Cyclist,1,0.010000,1.528636,1.239846,1.143664,0.011495,0.106200,0.011538,0.872394,Cyclist,1,1.528646,1.528646,1.528639,1.528636,1.528629,1.528603
0.300000,11,Empty,0.750000,0.083333,0.000263,0.005324,0.019470,0.081798,0.015302,0.000000,0.499336,0.004541,0.050000,0.323903,0.026031,1.159717,0.031772,0.161957,0.010800,0.830149,Empty,1,0.010000,0.323908,0.026031,1.159730,0.031780,0.161988,0.010800,0.830148,Empty,1,0.323910,0.323909,0.323909,0.323908,0.323907,0.323903
0.300000,12,Vehicle,0.562500,0.087500,0.000217,0.003943,0.011439,0.054984,0.004892,0.000000,0.499606,0.003803,0.050000,0.288573,0.011537,1.098319,0.009823,0.095141,0.032966,0.088351,Vehicle,1,0.010000,0.288582,0.011537,1.098354,0.009825,0.095160,0.032966,0.088352,Vehicle,1,0.288585,0.288584,0.288584,0.288582,0.288580,0.288573
0.300000,13,Pedestrian,0.687500,0.078125,0.000141,0.002842,0.007482,0.039978,0.004934,0.000000,0.499564,0.002418,0.002500,1.434231,1.169334,1.054851,0.004737,0.062252,0.028984,0.029513,Pedestrian,1,0.010000,1.434244,1.169347,1.054850,0.004737,0.062252,0.028984,0.029513,Pedestrian,1,1.434235,1.434231,1.434239,1.434244,1.434242,1.434261
0.300000,14,Vehicle,0.500000,0.100000,0.000211,0.003942,0.014486,0.057011,0.002855,0.000000,0.499581,0.003806,0.050000,0.286151,0.002651,1.122417,0.011584,0.120495,0.053555,0.055463,Vehicle,1,0.010000,0.286163,0.002651,1.122462,0.011586,0.120507,0.053555,0.055463,Vehicle,1,0.286166,0.286165,0.286165,0.286163,0.286160,0.286151
0.300000,15,Empty,0.500000,0.083333,0.000173,0.003087,0.011841,0.044879,0.006911,0.000000,0.499314,0.005098,0.000000,1.747219,1.455098,1.158398,0.010086,0.098520,0.007646,0.648737,Cyclist,0,0.010000,1.747239,1.455119,1.158399,0.010085,0.098519,0.007646,0.648736,Cyclist,0,1.747219,1.747226,1.747237,1.747239,1.747252,1.747294
0.300000,16,Vehicle,0.625000,0.093750,0.000216,0.003731,0.015301,0.050737,0.002525,0.000000,0.499622,0.003321,0.050000,1.849564,1.571257,1.100580,0.012646,0.127285,0.025700,0.081142,Cyclist,0,0.010000,1.849730,1.571410,1.100633,0.012648,0.127296,0.025701,0.081143,Cyclist,0,1.849773,1.849760,1.849750,1.849730,1.849682,1.849564
0.300000,17,Vehicle,0.812500,0.062500,0.000181,0.003567,0.010550,0.050823,0.005590,0.000000,0.499641,0.003411,0.050000,0.284809,0.001337,1.124111,0.009777,0.087770,0.052486,0.066124,Vehicle,1,0.010000,0.284819,0.001337,1.124147,0.009779,0.087780,0.052486,0.066124,Vehicle,1,0.284821,0.284821,0.284820,0.284819,0.284816,0.284809
0.300000,18,Empty,0.625000,0.075000,0.000045,0.002647,0.003740,0.047126,0.003767,0.000000,0.499380,0.002690,0.050000,0.258834,0.000999,1.028787,0.002551,0.031117,0.021000,0.028832,Empty,1,0.010000,0.258835,0.000999,1.028794,0.002551,0.031118,0.021000,0.028833,Empty,1,0.258835,0.258835,0.258835,0.258835,0.258834,0.258834
0.300000,19,Cyclist,0.625000,0.125000,0.000120,0.002723,0.005900,0.032556,0.003492,0.000000,0.499525,0.002981,0.050000,1.547552,1.263837,1.131310,0.003550,0.049085,0.022348,0.071296,Cyclist,1,0.010000,1.547587,1.263873,1.131306,0.003550,0.049090,0.022348,0.071296,Cyclist,1,1.547597,1.547589,1.547595,1.547587,1.547579,1.547552
0.300000,20,Vehicle,0.687500,0.078125,0.000209,0.003169,0.013085,0.045931,0.002952,0.000000,0.499666,0.002643,0.050000,0.300630,0.014592,1.133421,0.010732,0.108849,0.027494,0.078247,Vehicle,1,0.010000,0.300644,0.014592,1.133472,0.010735,0.108864,0.027494,0.078247,Vehicle,1,0.300647,0.300646,0.300645,0.300644,0.300641,0.300630
0.300000,21,Empty,0.562500,0.062500,0.000046,0.002870,0.002960,0.062676,0.003184,0.000000,0.499364,0.002726,0.050000,0.257779,0.000996,1.024171,0.002959,0.024623,0.018403,0.042857,Empty,1,0.010000,0.257779,0.000996,1.024174,0.002959,0.024624,0.018403,0.042858,Empty,1,0.257780,0.257779,0.257779,0.257779,0.257779,0.257779
0.300000,22,Cyclist,0.812500,0.093750,0.000154,0.002631,0.008403,0.033145,0.006274,0.000000,0.499645,0.002020,0.005000,0.662847,0.385909,1.103192,0.004562,0.069912,0.028972,0.067610,Cyclist,1,0.010000,0.662848,0.385909,1.103194,0.004562,0.069912,0.028972,0.067610,Cyclist,1,0.662847,0.662847,0.662847,0.662848,0.662848,0.662849
0.300000,23,Empty,0.875000,0.062500,0.000047,0.002092,0.002911,0.026309,0.003266,0.000000,0.499371,0.001478,0.050000,0.252607,0.001007,1.004572,0.001828,0.024218,0.015914,0.024849,Empty,1,0.010000,0.252607,0.001007,1.004574,0.001828,0.024218,0.015914,0.024849,Empty,1,0.252608,0.252607,0.252607,0.252607,0.252608,0.252607
0.300000,24,Empty,0.687500,0.078125,0.000047,0.002806,0.003899,0.038733,0.002942,0.000000,0.499376,0.002443,0.050000,0.257978,0.001023,1.025296,0.002527,0.032441,0.016858,0.033958,Empty,1,0.010000,0.257979,0.001023,1.025300,0.002527,0.032442,0.016857,0.033958,Empty,1,0.257980,0.257980,0.257980,0.257979,0.257979,0.257978
0.300000,25,Cyclist,0.687500,0.078125,0.000178,0.004300,0.007658,0.058144,0.020793,0.000000,0.499434,0.003956,0.050000,1.526321,1.230575,1.175358,0.007625,0.063707,0.012731,0.586748,Cyclist,1,0.010000,1.526353,1.230608,1.175354,0.007626,0.063712,0.012731,0.586749,Cyclist,1,1.526361,1.526364,1.526358,1.526353,1.526347,1.526321
0.300000,26,Pedestrian,0.562500,0.109375,0.000140,0.003096,0.006244,0.041546,0.006242,0.000000,0.499540,0.003092,0.050000,0.279170,0.001318,1.107401,0.004006,0.051946,0.033852,0.023421,Pedestrian,1,0.010000,0.279171,0.001318,1.107406,0.004006,0.051948,0.033852,0.023421,Pedestrian,1,0.279171,0.279171,0.279171,0.279171,0.279171,0.279170
0.300000,27,Cyclist,0.562500,0.072917,0.000156,0.003056,0.011711,0.054192,0.004411,0.000000,0.499542,0.003170,0.050000,1.517502,1.238990,1.105885,0.008162,0.097403,0.014744,0.073725,Pedestrian,0,0.010000,1.517514,1.238999,1.105897,0.008165,0.097426,0.014744,0.073725,Pedestrian,0,1.517520,1.517515,1.517520,1.517514,1.517507,1.517502
0.300000,28,Cyclist,0.875000,0.062500,0.000162,0.004266,0.008941,0.052000,0.006674,0.000000,0.499679,0.003268,0.002500,0.345306,0.085943,1.028625,0.008825,0.074387,0.049698,0.059299,Cyclist,1,0.010000,0.345306,0.085943,1.028626,0.008825,0.074387,0.049698,0.059299,Cyclist,1,0.345306,0.345306,0.345306,0.345306,0.345306,0.345306
0.300000,29,Vehicle,0.625000,0.075000,0.000196,0.003313,0.009316,0.046536,0.004872,0.000000,0.499608,0.002869,0.050000,1.891973,1.612584,1.111246,0.006307,0.077505,0.035384,0.055546,Cyclist,0,0.010000,1.892045,1.612651,1.111266,0.006308,0.077511,0.035384,0.055546,Cyclist,0,1.892064,1.892065,1.892053,1.892045,1.892032,1.891973
0.300000,30,Empty,0.500000,0.125000,0.000033,0.002533,0.004623,0.035105,0.003038,0.000000,0.499357,0.003232,0.050000,0.262270,0.001037,1.042381,0.002552,0.038459,0.028038,0.022055,Empty,1,0.010000,0.262272,0.001037,1.042385,0.002552,0.038460,0.028038,0.022056,Empty,1,0.262272,0.262272,0.262272,0.262272,0.262271,0.262270
0.300000,31,Empty,0.625000,0.093750,0.000040,0.002886,0.003331,0.040790,0.003415,0.000000,0.499374,0.002481,0.050000,0.261507,0.001036,1.039393,0.002487,0.027714,0.020630,0.017657,Empty,1,0.010000,0.261508,0.001036,1.039398,0.002487,0.027714,0.020630,0.017657,Empty,1,0.261508,0.261508,0.261508,0.261508,0.261507,0.261507
0.300000,32,Empty,1.000000,0.000000,0.000035,0.001379,0.001273,0.014534,0.002087,0.000000,0.499378,0.000968,0.000000,0.001309,0.001041,0.000000,0.001073,0.010588,0.020567,0.023232,Empty,1,0.010000,0.001309,0.001041,0.000000,0.001073,0.010588,0.020567,0.023232,Empty,1,0.001309,0.001309,0.001309,0.001309,0.001309,0.001309
0.300000,33,Cyclist,0.687500,0.104167,0.000156,0.003117,0.007310,0.041737,0.002978,0.000000,0.499605,0.002956,0.050000,1.499692,1.221984,1.105614,0.005218,0.060813,0.016666,0.044773,Pedestrian,0,0.010000,1.499725,1.222016,1.105618,0.005219,0.060821,0.016666,0.044773,Pedestrian,0,1.499752,1.499745,1.499737,1.499725,1.499720,1.499692
0.300000,34,Vehicle,0.625000,0.093750,0.000206,0.003014,0.011552,0.043390,0.003627,0.000000,0.499624,0.002740,0.050000,1.840165,1.557777,1.120214,0.009337,0.096090,0.034351,0.053630,Cyclist,0,0.010000,1.840201,1.557804,1.120247,0.009338,0.096100,0.034352,0.053630,Cyclist,0,1.840218,1.840216,1.840207,1.840201,1.840196,1.840165
0.300000,35,Empty,0.625000,0.093750,0.000050,0.002813,0.002970,0.036824,0.003211,0.000000,0.499379,0.002662,0.050000,0.257107,0.001098,1.021873,0.002162,0.024708,0.035342,0.021379,Empty,1,0.010000,0.257108,0.001098,1.021879,0.002163,0.024709,0.035342,0.021379,Empty,1,0.257109,0.257109,0.257109,0.257108,0.257108,0.257107
0.300000,36,Empty,0.562500,0.109375,0.000029,0.002779,0.003398,0.043690,0.003485,0.000000,0.499373,0.002866,0.050000,0.257953,0.001029,1.025254,0.002441,0.028272,0.024644,0.029051,Empty,1,0.010000,0.257954,0.001029,1.025261,0.002441,0.028273,0.024644,0.029052,Empty,1,0.257955,0.257955,0.257954,0.257954,0.257954,0.257953
0.300000,37,Cyclist,0.562500,0.072917,0.000171,0.003326,0.011561,0.052802,0.005352,0.000000,0.499543,0.003591,0.050000,0.281202,0.005250,1.095346,0.008466,0.096167,0.135146,0.211445,Cyclist,1,0.010000,0.281208,0.005250,1.095364,0.008468,0.096186,0.135146,0.211445,Cyclist,1,0.281209,0.281209,0.281208,0.281208,0.281206,0.281202
0.300000,38,Empty,0.750000,0.083333,0.000044,0.002618,0.003055,0.026187,0.002721,0.000000,0.499382,0.001822,0.050000,0.258425,0.000953,1.028050,0.001839,0.025421,0.023460,0.027862,Empty,1,0.010000,0.258426,0.000953,1.028054,0.001839,0.025421,0.023460,0.027863,Empty,1,0.258426,0.258427,0.258426,0.258426,0.258426,0.258425
0.300000,39,Empty,0.750000,0.062500,0.000037,0.002541,0.002889,0.037414,0.003360,0.000000,0.499371,0.002002,0.000000,0.251688,0.000983,1.000663,0.002159,0.024033,0.027765,0.029636,Empty,1,0.010000,0.251689,0.000983,1.000665,0.002159,0.024033,0.027765,0.029636,Empty,1,0.251688,0.251689,0.251688,0.251689,0.251688,0.251688
0.300000,40,Vehicle,0.687500,0.104167,0.000190,0.003538,0.009475,0.038756,0.006585,0.000000,0.499629,0.003119,0.050000,0.276901,0.001200,1.096037,0.006767,0.078821,0.067411,0.053661,Vehicle,1,0.010000,0.276906,0.001200,1.096058,0.006768,0.078825,0.067411,0.053661,Vehicle,1,0.276908,0.276907,0.276907,0.276906,0.276905,0.276901
0.300000,41,Empty,0.812500,0.093750,0.000038,0.002378,0.002376,0.024763,0.002208,0.000000,0.499367,0.001874,0.000000,1.702491,1.441259,1.043339,0.001590,0.019764,0.018127,0.034323,Cyclist,0,0.010000,1.702492,1.441260,1.043339,0.001589,0.019761,0.018127,0.034323,Cyclist,0,1.702491,1.702493,1.702500,1.702492,1.702502,1.702526
0.300000,42,Vehicle,0.687500,0.104167,0.000209,0.003174,0.009221,0.034380,0.002865,0.000000,0.499636,0.002783,0.050000,0.285411,0.001068,1.130439,0.006933,0.076699,0.025295,0.067561,Vehicle,1,0.010000,0.285421,0.001068,1.130476,0.006935,0.076713,0.025295,0.067561,Vehicle,1,0.285423,0.285423,0.285422,0.285421,0.285418,0.285411
0.300000,43,Empty,0.625000,0.093750,0.000046,0.002768,0.003187,0.042072,0.002615,0.000000,0.499375,0.002727,0.002500,1.667567,1.405951,1.044180,0.002286,0.026520,0.014888,0.038731,Cyclist,0,0.010000,1.667577,1.405961,1.044178,0.002286,0.026520,0.014888,0.038731,Cyclist,0,1.667573,1.667567,1.667571,1.667577,1.667576,1.667579
0.300000,44,Vehicle,0.750000,0.062500,0.000168,0.003000,0.007443,0.042630,0.004213,0.000000,0.499653,0.002505,0.050000,1.878129,1.605243,1.086033,0.005510,0.061917,0.040181,0.064591,Cyclist,0,0.010000,1.878204,1.605310,1.086064,0.005510,0.061921,0.040181,0.064591,Cyclist,0,1.878224,1.878231,1.878220,1.878204,1.878189,1.878129
0.300000,45,Cyclist,0.750000,0.083333,0.000171,0.003346,0.009278,0.053985,0.006096,0.000000,0.499607,0.002788,0.050000,0.282812,0.011969,1.076731,0.006638,0.077187,0.039855,0.057803,Cyclist,1,0.010000,0.282815,0.011969,1.076745,0.006638,0.077193,0.039855,0.057803,Cyclist,1,0.282816,0.282816,0.282816,0.282815,0.282814,0.282812
0.300000,46,Cyclist,0.625000,0.093750,0.000149,0.004380,0.007563,0.048393,0.003483,0.000000,0.499537,0.004087,0.002500,0.468391,0.190171,1.107033,0.005847,0.062926,0.070244,0.076263,Cyclist,1,0.010000,0.468391,0.190171,1.107034,0.005847,0.062926,0.070244,0.076263,Cyclist,1,0.468391,0.468391,0.468391,0.468391,0.468391,0.468392
0.300000,47,Pedestrian,0.875000,0.062500,0.000125,0.002431,0.005517,0.038158,0.005124,0.000000,0.499654,0.002039,0.050000,0.269810,0.006105,1.051299,0.003519,0.045883,0.024924,0.032208,Pedestrian,1,0.010000,0.269817,0.006105,1.051327,0.003520,0.045894,0.024924,0.032208,Pedestrian,1,0.269818,0.269817,0.269817,0.269817,0.269815,0.269810
0.300000,48,Empty,0.687500,0.078125,0.000237,0.004555,0.015826,0.084322,0.012465,0.000000,0.499403,0.004453,0.000000,1.775337,1.479462,1.163816,0.019687,0.131676,0.008073,0.672142,Pedestrian,0,0.010000,1.775353,1.479478,1.163815,0.019687,0.131672,0.008073,0.672142,Pedestrian,0,1.775337,1.775337,1.775344,1.775353,1.775369,1.775410
0.300000,49,Vehicle,0.687500,0.078125,0.000162,0.003657,0.009370,0.051783,0.005299,0.000000,0.499607,0.003306,0.050000,0.281396,0.002293,1.110056,0.006357,0.077946,0.054405,0.058931,Vehicle,1,0.010000,0.281402,0.002293,1.110078,0.006358,0.077956,0.054405,0.058930,Vehicle,1,0.281403,0.281403,0.281403,0.281402,0.281400,0.281396
0.300000,50,Empty,0.625000,0.075000,0.000025,0.002766,0.002935,0.044262,0.002849,0.000000,0.499365,0.002367,0.050000,0.257679,0.000999,1.024376,0.002343,0.024422,0.020237,0.039072,Empty,1,0.010000,0.257680,0.000999,1.024380,0.002343,0.024423,0.020237,0.039073,Empty,1,0.257680,0.257680,0.257680,0.257680,0.257679,0.257679
0.300000,51,Vehicle,0.750000,0.083333,0.000176,0.002852,0.009237,0.045274,0.005716,0.000000,0.499672,0.002286,0.050000,0.447637,0.165623,1.120852,0.007204,0.076833,0.038530,0.084604,Vehicle,1,0.010000,0.447643,0.165623,1.120875,0.007205,0.076841,0.038530,0.084604,Vehicle,1,0.447644,0.447644,0.447644,0.447643,0.447641,0.447637
0.300000,52,Pedestrian,0.687500,0.078125,0.000157,0.003371,0.010017,0.049616,0.003968,0.000000,0.499596,0.002851,0.000000,1.432385,1.158297,1.089207,0.007144,0.083345,0.032569,0.031066,Pedestrian,1,0.010000,1.432399,1.158311,1.089206,0.007144,0.083345,0.032569,0.031066,Pedestrian,1,1.432385,1.432391,1.432391,1.432399,1.432401,1.432410
0.300000,53,Vehicle,0.750000,0.083333,0.000196,0.003127,0.009644,0.043410,0.002557,0.000000,0.499662,0.002671,0.050000,0.280196,0.001742,1.105981,0.007835,0.080225,0.023349,0.071961,Vehicle,1,0.010000,0.280210,0.001742,1.106035,0.007838,0.080241,0.023348,0.071961,Vehicle,1,0.280213,0.280212,0.280212,0.280210,0.280206,0.280196
0.300000,54,Empty,0.625000,0.125000,0.000044,0.002969,0.002994,0.031292,0.002614,0.000000,0.499382,0.002697,0.050000,1.680719,1.419452,1.043008,0.002061,0.024913,0.027702,0.032710,Cyclist,0,0.010000,1.680729,1.419460,1.043015,0.002061,0.024913,0.027702,0.032710,Cyclist,0,1.680731,1.680725,1.680728,1.680729,1.680725,1.680719
0.300000,55,Cyclist,0.625000,0.093750,0.000184,0.003473,0.007892,0.041881,0.005719,0.000000,0.499584,0.003001,0.050000,1.520642,1.244750,1.098130,0.005439,0.065656,0.047910,0.042623,Cyclist,1,0.010000,1.520667,1.244774,1.098133,0.005439,0.065658,0.047910,0.042623,Cyclist,1,1.520672,1.520666,1.520667,1.520667,1.520661,1.520642
0.300000,56,Vehicle,0.625000,0.093750,0.000150,0.003278,0.008500,0.042310,0.003300,0.000000,0.499539,0.003123,0.050000,0.281057,0.002015,1.110240,0.005931,0.070699,0.269418,0.438832,Vehicle,1,0.010000,0.281064,0.002015,1.110264,0.005933,0.070714,0.269418,0.438832,Vehicle,1,0.281065,0.281064,0.281064,0.281064,0.281062,0.281057
0.300000,57,Cyclist,0.875000,0.125000,0.000165,0.002287,0.009887,0.026135,0.005313,0.000000,0.499636,0.001677,0.050000,1.522605,1.236647,1.136772,0.007061,0.082259,0.021451,0.066740,Cyclist,1,0.010000,1.522639,1.236681,1.136771,0.007061,0.082261,0.021451,0.066741,Cyclist,1,1.522641,1.522646,1.522639,1.522639,1.522625,1.522605
0.300000,58,Pedestrian,0.625000,0.075000,0.000138,0.003183,0.007396,0.049036,0.006446,0.000000,0.499560,0.002754,0.050000,0.266960,0.001143,1.058182,0.005084,0.061519,0.010712,0.034743,Pedestrian,1,0.010000,0.266963,0.001143,1.058193,0.005085,0.061532,0.010712,0.034743,Pedestrian,1,0.266963,0.266963,0.266963,0.266963,0.266962,0.266960
0.300000,59,Pedestrian,0.750000,0.083333,0.000137,0.002488,0.007356,0.026150,0.004558,0.000000,0.499572,0.002243,0.050000,0.428346,0.159249,1.072280,0.004109,0.061189,0.030388,0.016006,Pedestrian,1,0.010000,0.428349,0.159249,1.072290,0.004110,0.061201,0.030388,0.016007,Pedestrian,1,0.428349,0.428349,0.428349,0.428349,0.428348,0.428346
0.300000,60,Pedestrian,0.687500,0.104167,0.000137,0.003071,0.006513,0.036459,0.005210,0.000000,0.499577,0.002678,0.050000,0.268037,0.001556,1.061691,0.004233,0.054188,0.020664,0.036761,Pedestrian,1,0.010000,0.268038,0.001556,1.061695,0.004233,0.054188,0.020664,0.036761,Pedestrian,1,0.268039,0.268039,0.268038,0.268038,0.268038,0.268037
0.300000,61,Vehicle,0.437500,0.093750,0.000177,0.003638,0.012492,0.070230,0.004984,0.000000,0.499521,0.003843,0.050000,0.297390,0.014366,1.122112,0.009984,0.103908,0.025591,0.044584,Vehicle,1,0.010000,0.297398,0.014366,1.122143,0.009986,0.103925,0.025592,0.044584,Vehicle,1,0.297401,0.297400,0.297400,0.297398,0.297396,0.297390
0.300000,62,Pedestrian,0.750000,0.125000,0.000125,0.002892,0.005897,0.032761,0.003173,0.000000,0.499584,0.002304,0.050000,0.270984,0.001498,1.074375,0.003571,0.049055,0.021820,0.030916,Pedestrian,1,0.010000,0.270985,0.001498,1.074376,0.003571,0.049058,0.021820,0.030916,Pedestrian,1,0.270985,0.270985,0.270985,0.270985,0.270985,0.270984
0.300000,63,Pedestrian,0.812500,0.093750,0.000145,0.003031,0.007078,0.026464,0.003523,0.000000,0.499643,0.002570,0.000000,1.522414,1.243535,1.111235,0.004280,0.058892,0.021478,0.026375,Pedestrian,1,0.010000,1.522423,1.243544,1.111234,0.004280,0.058892,0.021478,0.026375,Pedestrian,1,1.522414,1.522417,1.522420,1.522423,1.522426,1.522435
0.300000,64,Cyclist,0.625000,0.075000,0.000151,0.003043,0.009685,0.046808,0.003848,0.000000,0.499547,0.002988,0.050000,1.490742,1.208033,1.124071,0.006765,0.080573,0.029096,0.073181,Cyclist,1,0.010000,1.490780,1.208072,1.124069,0.006765,0.080579,0.029096,0.073181,Cyclist,1,1.490789,1.490787,1.490788,1.490780,1.490778,1.490742
0.300000,65,Pedestrian,0.437500,0.187500,0.000136,0.003566,0.008697,0.037189,0.005631,0.000000,0.499489,0.003785,0.050000,0.288493,0.001597,1.142359,0.005226,0.072352,0.025721,0.033330,Pedestrian,1,0.010000,0.288496,0.001597,1.142367,0.005228,0.072358,0.025721,0.033331,Pedestrian,1,0.288496,0.288496,0.288496,0.288496,0.288495,0.288493
0.300000,66,Vehicle,0.750000,0.125000,0.000202,0.003196,0.010128,0.035762,0.004196,0.000000,0.499666,0.002681,0.050000,0.316299,0.028817,1.142395,0.007533,0.084256,0.042102,0.073388,Vehicle,1,0.010000,0.316304,0.028817,1.142412,0.007534,0.084263,0.042102,0.073389,Vehicle,1,0.316305,0.316305,0.316304,0.316304,0.316303,0.316299
0.300000,67,Pedestrian,0.625000,0.125000,0.000148,0.003319,0.006767,0.047096,0.003983,0.000000,0.499572,0.003062,0.020000,0.275574,0.001239,1.092649,0.004693,0.056294,0.029926,0.030852,Pedestrian,1,0.010000,0.275574,0.001239,1.092649,0.004693,0.056297,0.029926,0.030852,Pedestrian,1,0.275574,0.275574,0.275575,0.275574,0.275574,0.275574
0.300000,68,Pedestrian,0.750000,0.125000,0.000161,0.003732,0.006037,0.034044,0.004206,0.000000,0.499606,0.003513,0.000000,1.484571,1.207587,1.104029,0.003908,0.050228,0.044689,0.040785,Cyclist,0,0.010000,1.484582,1.207598,1.104028,0.003908,0.050227,0.044689,0.040785,Cyclist,0,1.484571,1.484578,1.484580,1.484582,1.484586,1.484609
0.300000,69,Pedestrian,0.875000,0.062500,0.000262,0.005279,0.013382,0.086985,0.007613,0.000000,0.499383,0.004274,0.050000,2.704044,2.413503,1.143260,0.018905,0.111334,0.009699,0.901246,Vehicle,0,0.010000,2.704045,2.413503,1.143264,0.018907,0.111337,0.009699,0.901244,Vehicle,0,2.704046,2.704045,2.704045,2.704045,2.704045,2.704044
0.300000,70,Pedestrian,0.812500,0.093750,0.000141,0.002896,0.006419,0.037971,0.004185,0.000000,0.499631,0.002314,0.050000,0.273722,0.001481,1.084616,0.004347,0.053399,0.016483,0.029865,Pedestrian,1,0.010000,0.273726,0.001481,1.084630,0.004348,0.053406,0.016483,0.029866,Pedestrian,1,0.273727,0.273727,0.273726,0.273726,0.273725,0.273722
0.300000,71,Pedestrian,0.750000,0.083333,0.000132,0.002417,0.004863,0.030221,0.006424,0.000000,0.499556,0.002045,0.002500,1.445875,1.174123,1.083986,0.003022,0.040459,0.023249,0.025597,Pedestrian,1,0.010000,1.445886,1.174133,1.083987,0.003022,0.040459,0.023249,0.025597,Pedestrian,1,1.445880,1.445875,1.445879,1.445886,1.445889,1.445898
0.300000,72,Cyclist,0.812500,0.187500,0.000151,0.003849,0.007732,0.041706,0.005151,0.000000,0.499609,0.003028,0.000000,0.290494,0.000894,1.153542,0.004859,0.064330,0.035438,0.055752,Cyclist,1,0.010000,0.290495,0.000894,1.153545,0.004859,0.064330,0.035438,0.055752,Cyclist,1,0.290494,0.290495,0.290495,0.290495,0.290496,0.290499
0.300000,73,Pedestrian,0.687500,0.078125,0.000127,0.003052,0.006552,0.045323,0.005556,0.000000,0.499564,0.002510,0.002500,1.432193,1.160649,1.081539,0.004636,0.054509,0.036018,0.035648,Pedestrian,1,0.010000,1.432198,1.160654,1.081537,0.004636,0.054509,0.036018,0.035648,Pedestrian,1,1.432193,1.432193,1.432204,1.432198,1.432209,1.432218
0.300000,74,Vehicle,0.687500,0.078125,0.000222,0.003479,0.013629,0.053141,0.006613,0.000000,0.499627,0.003028,0.050000,0.280528,0.006417,1.084616,0.011828,0.113377,0.029665,0.062807,Vehicle,1,0.010000,0.280537,0.006417,1.084648,0.011830,0.113389,0.029665,0.062807,Vehicle,1,0.280539,0.280539,0.280538,0.280537,0.280535,0.280528
0.400000,0,Cyclist,0.562500,0.218750,0.000148,0.003726,0.008532,0.030929,0.002315,0.000000,0.499528,0.003487,0.010000,0.291283,0.002980,1.148337,0.004875,0.070988,0.024623,0.066379,Cyclist,1,0.010000,0.291283,0.002980,1.148337,0.004875,0.070988,0.024623,0.066379,Cyclist,1,0.291283,0.291283,0.291283,0.291283,0.291283,0.291283
0.400000,1,Empty,0.437500,0.112500,0.000030,0.002750,0.003603,0.042614,0.002836,0.000000,0.499371,0.003554,0.000000,1.707309,1.444404,1.048999,0.002622,0.029974,0.029043,0.044881,Pedestrian,0,0.010000,1.707312,1.444407,1.048998,0.002622,0.029970,0.029043,0.044881,Pedestrian,0,1.707309,1.707309,1.707316,1.707312,1.707312,1.707325
0.400000,2,Empty,0.750000,0.062500,0.000041,0.002409,0.003202,0.041353,0.004544,0.000000,0.499365,0.001961,0.050000,0.255271,0.001059,1.014605,0.002242,0.026638,0.023330,0.027000,Empty,1,0.010000,0.255273,0.001059,1.014615,0.002243,0.026638,0.023330,0.027000,Empty,1,0.255273,0.255273,0.255273,0.255273,0.255273,0.255271
0.400000,3,Empty,0.500000,0.071429,0.000032,0.002704,0.003375,0.056693,0.004123,0.000000,0.499367,0.003260,0.002500,1.706501,1.446945,1.035414,0.002812,0.028079,0.018671,0.035515,Cyclist,0,0.010000,1.706507,1.446950,1.035414,0.002812,0.028079,0.018671,0.035515,Cyclist,0,1.706504,1.706501,1.706503,1.706507,1.706510,1.706521
0.400000,4,Empty,0.687500,0.062500,0.000061,0.002707,0.003839,0.051271,0.003443,0.000000,0.499376,0.002367,0.050000,0.256707,0.000938,1.020147,0.002929,0.031936,0.023415,0.023683,Empty,1,0.010000,0.256709,0.000938,1.020153,0.002929,0.031937,0.023415,0.023683,Empty,1,0.256709,0.256709,0.256709,0.256709,0.256708,0.256707
0.400000,5,Empty,0.750000,0.062500,0.000039,0.002717,0.002374,0.047251,0.003118,0.000000,0.499377,0.002223,0.050000,0.255417,0.000951,1.015504,0.002357,0.019751,0.024298,0.023683,Empty,1,0.010000,0.255417,0.000951,1.015505,0.002358,0.019752,0.024298,0.023683,Empty,1,0.255417,0.255417,0.255417,0.255417,0.255417,0.255417
0.400000,6,Cyclist,0.687500,0.104167,0.000154,0.003390,0.008862,0.047382,0.004858,0.000000,0.499554,0.003023,0.002500,0.277654,0.001593,1.097763,0.006480,0.073736,0.020326,0.069423,Cyclist,1,0.010000,0.277655,0.001593,1.097766,0.006480,0.073736,0.020326,0.069423,Cyclist,1,0.277655,0.277654,0.277655,0.277655,0.277655,0.277657
0.400000,7,Pedestrian,0.750000,0.083333,0.000183,0.003765,0.006885,0.043418,0.002966,0.000000,0.499653,0.003302,0.002500,1.543241,1.267223,1.099044,0.005028,0.057287,0.055008,0.032901,Cyclist,0,0.010000,1.543244,1.267226,1.099044,0.005028,0.057287,0.055008,0.032901,Cyclist,0,1.543248,1.543241,1.543248,1.543244,1.543256,1.543267
0.400000,8,Pedestrian,0.562500,0.072917,0.000176,0.005063,0.013683,0.079622,0.010277,0.000000,0.499286,0.005012,0.050000,4.623297,4.333298,1.145810,0.014184,0.113813,0.007637,0.616258,Empty,0,0.010000,4.623301,4.333298,1.145821,0.014189,0.113837,0.007637,0.616258,Empty,0,4.623301,4.623301,4.623301,4.623301,4.623299,4.623297
0.400000,9,Vehicle,0.375000,0.156250,0.000241,0.003759,0.013403,0.048527,0.002724,0.000000,0.499562,0.004254,0.050000,0.291199,0.005128,1.132763,0.011523,0.111483,0.030774,0.086705,Vehicle,1,0.010000,0.291208,0.005128,1.132794,0.011527,0.111511,0.030774,0.086706,Vehicle,1,0.291210,0.291210,0.291209,0.291208,0.291206,0.291199
0.400000,10,Cyclist,0.687500,0.104167,0.000322,0.005523,0.017773,0.066009,0.007281,0.000000,0.499268,0.005595,0.050000,0.416019,0.120868,1.152180,0.028424,0.147865,0.012161,0.868618,Cyclist,1,0.010000,0.416022,0.120868,1.152189,0.028425,0.147867,0.012161,0.868619,Cyclist,1,0.416023,0.416023,0.416023,0.416022,0.416022,0.416019
0.400000,11,Empty,0.687500,0.078125,0.000302,0.006742,0.025075,0.100913,0.014948,0.000000,0.499287,0.006224,0.000000,1.725002,1.429031,1.133737,0.050147,0.208621,0.011528,0.809491,Cyclist,0,0.010000,1.725011,1.429042,1.133733,0.050145,0.208612,0.011528,0.809492,Cyclist,0,1.725002,1.725005,1.725008,1.725011,1.725026,1.725067
0.400000,12,Vehicle,0.687500,0.104167,0.000195,0.003803,0.009247,0.045578,0.003007,0.000000,0.499662,0.003435,0.050000,0.293110,0.011537,1.119449,0.006841,0.076916,0.031817,0.077609,Vehicle,1,0.010000,0.293119,0.011537,1.119484,0.006844,0.076932,0.031817,0.077609,Vehicle,1,0.293121,0.293121,0.293120,0.293119,0.293117,0.293110
0.400000,13,Pedestrian,0.250000,0.187500,0.000132,0.002959,0.008991,0.041088,0.003426,0.000000,0.499456,0.004467,0.050000,0.286200,0.001206,1.134607,0.005368,0.074803,0.030682,0.036864,Pedestrian,1,0.010000,0.286201,0.001206,1.134610,0.005369,0.074808,0.030683,0.036865,Pedestrian,1,0.286201,0.286201,0.286201,0.286201,0.286201,0.286200
0.400000,14,Vehicle,0.875000,0.125000,0.000144,0.002902,0.006021,0.022045,0.003988,0.000000,0.499743,0.002644,0.050000,0.284012,0.002651,1.122229,0.003214,0.050097,0.051125,0.076238,Vehicle,1,0.010000,0.284014,0.002651,1.122241,0.003214,0.050097,0.051125,0.076238,Vehicle,1,0.284015,0.284015,0.284015,0.284014,0.284014,0.284012
0.400000,15,Empty,0.500000,0.083333,0.000255,0.003965,0.017161,0.069466,0.013021,0.000000,0.499352,0.004962,0.000000,1.769519,1.477288,1.150198,0.018724,0.142778,0.008828,0.639241,Cyclist,0,0.010000,1.769535,1.477305,1.150199,0.018722,0.142774,0.008828,0.639241,Cyclist,0,1.769519,1.769524,1.769527,1.769535,1.769536,1.769561
0.400000,16,Vehicle,0.687500,0.156250,0.000190,0.003400,0.009757,0.030386,0.003647,0.000000,0.499619,0.002861,0.050000,1.852301,1.566145,1.138147,0.006478,0.081174,0.025912,0.080326,Cyclist,0,0.010000,1.852347,1.566186,1.138166,0.006479,0.081182,0.025912,0.080326,Cyclist,0,1.852355,1.852354,1.852348,1.852347,1.852336,1.852301
0.400000,17,Vehicle,0.750000,0.083333,0.000183,0.003612,0.008842,0.046256,0.007335,0.000000,0.499613,0.003214,0.050000,0.280995,0.001337,1.111812,0.006819,0.073557,0.052957,0.059951,Vehicle,1,0.010000,0.280999,0.001337,1.111826,0.006819,0.073563,0.052957,0.059951,Vehicle,1,0.280999,0.280999,0.280999,0.280999,0.280998,0.280995
0.400000,18,Empty,0.500000,0.125000,0.000042,0.002698,0.003434,0.039949,0.002954,0.000000,0.499374,0.003184,0.000000,1.706025,1.443317,1.048339,0.002494,0.028570,0.021165,0.037743,Cyclist,0,0.010000,1.706036,1.443328,1.048339,0.002494,0.028568,0.021165,0.037743,Cyclist,0,1.706025,1.706031,1.706039,1.706036,1.706037,1.706054
0.400000,19,Cyclist,0.625000,0.093750,0.000177,0.003146,0.009814,0.038823,0.003394,0.000000,0.499481,0.002981,0.050000,1.508732,1.224919,1.126548,0.008703,0.081645,0.022472,0.067542,Pedestrian,0,0.010000,1.508741,1.224929,1.126544,0.008703,0.081649,0.022472,0.067543,Pedestrian,0,1.508744,1.508741,1.508737,1.508741,1.508742,1.508732
0.400000,20,Vehicle,0.500000,0.125000,0.000209,0.003303,0.011045,0.041710,0.004125,0.000000,0.499586,0.003267,0.050000,0.297690,0.014592,1.124008,0.008383,0.091875,0.029474,0.086439,Vehicle,1,0.010000,0.297695,0.014592,1.124029,0.008385,0.091891,0.029474,0.086439,Vehicle,1,0.297696,0.297696,0.297696,0.297695,0.297694,0.297690
0.400000,21,Empty,0.750000,0.083333,0.000046,0.002647,0.002264,0.040619,0.002278,0.000000,0.499383,0.002057,0.050000,0.259087,0.000996,1.030206,0.002158,0.018835,0.018327,0.038869,Empty,1,0.010000,0.259089,0.000996,1.030213,0.002158,0.018835,0.018327,0.038870,Empty,1,0.259089,0.259089,0.259089,0.259089,0.259089,0.259087
0.400000,22,Cyclist,0.562500,0.145833,0.000170,0.003055,0.010790,0.040666,0.004940,0.000000,0.499554,0.003153,0.050000,0.672676,0.385909,1.139883,0.007188,0.089765,0.030151,0.082438,Cyclist,1,0.010000,0.672678,0.385909,1.139891,0.007189,0.089775,0.030151,0.082439,Cyclist,1,0.672679,0.672679,0.672679,0.672678,0.672678,0.672676
0.400000,23,Empty,0.437500,0.140625,0.000027,0.002736,0.004545,0.032362,0.002510,0.000000,0.499356,0.003249,0.050000,0.265017,0.001007,1.053545,0.002497,0.037806,0.015742,0.038261,Empty,1,0.010000,0.265018,0.001007,1.053549,0.002497,0.037811,0.015742,0.038262,Empty,1,0.265018,0.265019,0.265018,0.265018,0.265018,0.265017
0.400000,24,Empty,0.687500,0.078125,0.000046,0.002805,0.003875,0.037697,0.002515,0.000000,0.499371,0.002411,0.050000,1.688423,1.428497,1.037189,0.002515,0.032236,0.016900,0.030967,Cyclist,0,0.010000,1.688427,1.428500,1.037192,0.002516,0.032244,0.016900,0.030968,Cyclist,0,1.688427,1.688429,1.688432,1.688427,1.688425,1.688423
0.400000,25,Cyclist,0.562500,0.072917,0.000180,0.004244,0.008521,0.050333,0.014067,0.000000,0.499430,0.005242,0.050000,1.595104,1.301838,1.165753,0.007308,0.070882,0.013037,0.598002,Pedestrian,0,0.010000,1.595148,1.301883,1.165752,0.007311,0.070894,0.013037,0.598003,Pedestrian,0,1.595156,1.595153,1.595154,1.595148,1.595135,1.595104
0.400000,26,Pedestrian,0.687500,0.104167,0.000144,0.003075,0.007756,0.042907,0.003399,0.000000,0.499587,0.002621,0.050000,0.276217,0.001318,1.094544,0.005051,0.064522,0.034235,0.030462,Pedestrian,1,0.010000,0.276219,0.001318,1.094552,0.005052,0.064533,0.034235,0.030462,Pedestrian,1,0.276219,0.276219,0.276219,0.276219,0.276219,0.276217
0.400000,27,Cyclist,0.750000,0.062500,0.000136,0.002583,0.007730,0.044142,0.004290,0.000000,0.499604,0.002150,0.050000,0.274499,0.001754,1.086172,0.004806,0.064305,0.014308,0.067623,Cyclist,1,0.010000,0.274500,0.001754,1.086175,0.004806,0.064309,0.014308,0.067623,Cyclist,1,0.274499,0.274499,0.274499,0.274500,0.274499,0.274499
0.400000,28,Cyclist,0.687500,0.062500,0.000209,0.004685,0.012543,0.084213,0.008452,0.000000,0.499635,0.003974,0.005000,1.507693,1.230294,1.096620,0.012980,0.104362,0.049276,0.049054,Pedestrian,0,0.010000,1.507701,1.230301,1.096622,0.012979,0.104354,0.049276,0.049054,Pedestrian,0,1.507695,1.507694,1.507693,1.507701,1.507703,1.507716
0.400000,29,Vehicle,0.500000,0.100000,0.000207,0.003394,0.013488,0.047999,0.002692,0.000000,0.499572,0.003352,0.050000,1.898917,1.615073,1.124534,0.010841,0.112197,0.035992,0.047843,Cyclist,0,0.010000,1.899006,1.615152,1.124572,0.010845,0.112220,0.035993,0.047843,Cyclist,0,1.899036,1.899026,1.899017,1.899006,1.898983,1.898917
0.400000,30,Empty,0.625000,0.075000,0.000042,0.002788,0.003907,0.047005,0.003214,0.000000,0.499356,0.003016,0.000000,1.689829,1.430575,1.034100,0.002915,0.032502,0.027955,0.028343,Cyclist,0,0.010000,1.689833,1.430579,1.034100,0.002915,0.032500,0.027955,0.028342,Cyclist,0,1.689829,1.689833,1.689830,1.689833,1.689842,1.689855
0.400000,31,Empty,0.625000,0.093750,0.000031,0.002804,0.003201,0.034298,0.002510,0.000000,0.499384,0.002366,0.050000,1.655793,1.399272,1.023862,0.002222,0.026628,0.020436,0.033986,Cyclist,0,0.010000,1.655805,1.399283,1.023866,0.002222,0.026628,0.020436,0.033986,Cyclist,0,1.655804,1.655809,1.655807,1.655805,1.655803,1.655793
0.400000,32,Empty,0.562500,0.062500,0.000023,0.002800,0.002871,0.055720,0.004207,0.000000,0.499365,0.003006,0.020000,1.676818,1.417657,1.033957,0.002684,0.023890,0.020723,0.031289,Cyclist,0,0.010000,1.676819,1.417659,1.033957,0.002684,0.023890,0.020723,0.031289,Cyclist,0,1.676819,1.676820,1.676820,1.676819,1.676818,1.676826
0.400000,33,Cyclist,0.750000,0.083333,0.000145,0.003144,0.008154,0.039190,0.002918,0.000000,0.499611,0.002599,0.050000,0.282797,0.006647,1.099013,0.005584,0.067829,0.016935,0.050662,Cyclist,1,0.010000,0.282800,0.006647,1.099027,0.005585,0.067837,0.016935,0.050662,Cyclist,1,0.282802,0.282802,0.282801,0.282800,0.282799,0.282797
0.400000,34,Vehicle,0.562500,0.109375,0.000194,0.003245,0.010739,0.042541,0.003834,0.000000,0.499589,0.003180,0.050000,5.123874,4.840913,1.123961,0.007884,0.089336,0.034874,0.053512,Cyclist,0,0.010000,5.123881,4.840913,1.123988,0.007885,0.089346,0.034874,0.053512,Cyclist,0,5.123883,5.123883,5.123882,5.123881,5.123880,5.123874
0.400000,35,Empty,0.687500,0.078125,0.000040,0.002641,0.003000,0.043399,0.002671,0.000000,0.499365,0.002291,0.050000,0.255969,0.001098,1.017077,0.002406,0.024960,0.035520,0.036216,Empty,1,0.010000,0.255970,0.001098,1.017082,0.002406,0.024960,0.035520,0.036217,Empty,1,0.255971,0.255970,0.255970,0.255970,0.255970,0.255969
0.400000,36,Empty,0.562500,0.109375,0.000026,0.002827,0.002636,0.035899,0.002403,0.000000,0.499372,0.002614,0.050000,0.260075,0.001029,1.034072,0.002115,0.021925,0.024738,0.032333,Empty,1,0.010000,0.260077,0.001029,1.034077,0.002115,0.021929,0.024738,0.032334,Empty,1,0.260077,0.260077,0.260077,0.260077,0.260076,0.260075
0.400000,37,Cyclist,0.562500,0.087500,0.000167,0.003277,0.011464,0.046754,0.003648,0.000000,0.499536,0.003324,0.050000,1.513263,1.231562,1.118894,0.007910,0.095368,0.135041,0.209634,Cyclist,1,0.010000,1.513292,1.231587,1.118908,0.007911,0.095376,0.135041,0.209634,Cyclist,1,1.513303,1.513297,1.513294,1.513292,1.513281,1.513263
0.400000,38,Empty,0.562500,0.087500,0.000045,0.003041,0.002607,0.052437,0.003117,0.000000,0.499382,0.003140,0.010000,1.695815,1.437387,1.030959,0.002753,0.021690,0.023495,0.032611,Cyclist,0,0.010000,1.695815,1.437387,1.030959,0.002753,0.021690,0.023495,0.032611,Cyclist,0,1.695816,1.695819,1.695825,1.695815,1.695826,1.695830
0.400000,39,Empty,0.812500,0.062500,0.000038,0.002332,0.002737,0.030614,0.003074,0.000000,0.499366,0.001736,0.050000,0.253736,0.000983,1.009053,0.001958,0.022771,0.027707,0.030739,Empty,1,0.010000,0.253737,0.000983,1.009059,0.001958,0.022775,0.027707,0.030740,Empty,1,0.253737,0.253737,0.253737,0.253737,0.253737,0.253736
0.400000,40,Vehicle,0.437500,0.140625,0.000199,0.003703,0.011684,0.045081,0.004930,0.000000,0.499534,0.003911,0.050000,0.287313,0.001200,1.135245,0.009207,0.097196,0.068839,0.039367,Vehicle,1,0.010000,0.287319,0.001200,1.135268,0.009210,0.097213,0.068839,0.039368,Vehicle,1,0.287321,0.287321,0.287320,0.287319,0.287318,0.287313
0.400000,41,Empty,0.562500,0.145833,0.000018,0.002860,0.003276,0.024403,0.002798,0.000000,0.499362,0.002790,0.050000,0.264614,0.001015,1.052528,0.001871,0.027255,0.018250,0.033978,Empty,1,0.010000,0.264615,0.001015,1.052530,0.001871,0.027256,0.018250,0.033978,Empty,1,0.264615,0.264615,0.264615,0.264615,0.264615,0.264614
0.400000,42,Vehicle,0.750000,0.083333,0.000190,0.002879,0.011607,0.041382,0.004207,0.000000,0.499624,0.002441,0.050000,1.838678,1.560194,1.104781,0.009154,0.096552,0.026262,0.071636,Cyclist,0,0.010000,1.838734,1.560237,1.104832,0.009156,0.096563,0.026262,0.071635,Cyclist,0,1.838748,1.838744,1.838747,1.838734,1.838719,1.838678
0.400000,43,Empty,0.500000,0.100000,0.000032,0.002828,0.003461,0.044355,0.004011,0.000000,0.499374,0.003432,0.000000,1.700287,1.443173,1.025908,0.002550,0.028799,0.015040,0.034909,Cyclist,0,0.010000,1.700290,1.443175,1.025908,0.002550,0.028798,0.015040,0.034909,Cyclist,0,1.700287,1.700292,1.700293,1.700290,1.700296,1.700312
0.400000,44,Vehicle,0.250000,0.187500,0.000159,0.003039,0.011015,0.040029,0.002685,0.000000,0.499465,0.004556,0.050000,0.292200,0.005817,1.137964,0.007565,0.091624,0.041633,0.041141,Vehicle,1,0.010000,0.292207,0.005817,1.137991,0.007567,0.091640,0.041633,0.041140,Vehicle,1,0.292209,0.292208,0.292208,0.292207,0.292205,0.292200
0.400000,45,Cyclist,0.562500,0.109375,0.000152,0.003820,0.007876,0.055086,0.007683,0.000000,0.499527,0.003778,0.050000,0.291633,0.011969,1.112813,0.005841,0.065519,0.040582,0.044639,Cyclist,1,0.010000,0.291634,0.011969,1.112815,0.005842,0.065523,0.040582,0.044639,Cyclist,1,0.291634,0.291634,0.291634,0.291634,0.291634,0.291633
0.400000,46,Cyclist,0.812500,0.093750,0.000144,0.003719,0.006202,0.041979,0.004133,0.000000,0.499594,0.003461,0.002500,0.461124,0.190171,1.079492,0.004319,0.051605,0.071109,0.064290,Cyclist,1,0.010000,0.461124,0.190171,1.079493,0.004319,0.051605,0.071109,0.064290,Cyclist,1,0.461124,0.461124,0.461124,0.461124,0.461124,0.461124
0.400000,47,Pedestrian,0.750000,0.083333,0.000149,0.002967,0.009987,0.045262,0.005948,0.000000,0.499607,0.002494,0.050000,0.273027,0.006105,1.061176,0.006509,0.083077,0.024260,0.036657,Pedestrian,1,0.010000,0.273031,0.006105,1.061193,0.006511,0.083092,0.024260,0.036657,Pedestrian,1,0.273032,0.273032,0.273032,0.273031,0.273030,0.273027
0.400000,48,Empty,0.687500,0.104167,0.000257,0.004958,0.018086,0.064402,0.011856,0.000000,0.499449,0.004920,0.050000,4.604888,4.308536,1.165056,0.020354,0.150443,0.007778,0.664331,Vehicle,0,0.010000,4.604889,4.308536,1.165056,0.020358,0.150470,0.007778,0.664331,Vehicle,0,4.604890,4.604890,4.604889,4.604889,4.604889,4.604888
0.400000,49,Vehicle,0.375000,0.156250,0.000186,0.003690,0.011363,0.049696,0.004983,0.000000,0.499517,0.004244,0.050000,0.289000,0.002293,1.138504,0.008324,0.094513,0.055760,0.038152,Vehicle,1,0.010000,0.289007,0.002293,1.138529,0.008327,0.094537,0.055761,0.038151,Vehicle,1,0.289009,0.289008,0.289008,0.289007,0.289005,0.289000
0.400000,50,Empty,0.687500,0.078125,0.000050,0.002755,0.003714,0.045873,0.003517,0.000000,0.499381,0.002350,0.050000,0.257456,0.000999,1.023223,0.002604,0.030903,0.020318,0.030500,Empty,1,0.010000,0.257457,0.000999,1.023230,0.002604,0.030903,0.020318,0.030500,Empty,1,0.257458,0.257458,0.257457,0.257457,0.257457,0.257456
0.400000,51,Vehicle,0.687500,0.078125,0.000201,0.003088,0.011960,0.041469,0.005958,0.000000,0.499667,0.002605,0.050000,0.446363,0.165623,1.114589,0.008371,0.099492,0.037145,0.085348,Vehicle,1,0.010000,0.446371,0.165623,1.114619,0.008372,0.099502,0.037145,0.085348,Vehicle,1,0.446373,0.446373,0.446372,0.446371,0.446369,0.446363
0.400000,52,Pedestrian,0.625000,0.125000,0.000167,0.003509,0.007461,0.041382,0.003884,0.000000,0.499592,0.002970,0.050000,0.284401,0.003481,1.118371,0.005308,0.062064,0.031500,0.025466,Pedestrian,1,0.010000,0.284404,0.003481,1.118385,0.005309,0.062076,0.031500,0.025466,Pedestrian,1,0.284405,0.284405,0.284405,0.284404,0.284404,0.284401
0.400000,53,Vehicle,0.687500,0.078125,0.000209,0.003295,0.011757,0.048233,0.002309,0.000000,0.499644,0.002952,0.050000,1.805382,1.527974,1.099662,0.009968,0.097790,0.024071,0.069089,Cyclist,0,0.010000,1.805511,1.528088,1.099718,0.009971,0.097809,0.024071,0.069090,Cyclist,0,1.805541,1.805542,1.805535,1.805511,1.805479,1.805382
0.400000,54,Empty,0.562500,0.109375,0.000044,0.002902,0.003143,0.046289,0.002592,0.000000,0.499381,0.002974,0.050000,0.262133,0.001027,1.041830,0.002593,0.026148,0.027705,0.036353,Empty,1,0.010000,0.262135,0.001027,1.041836,0.002594,0.026149,0.027705,0.036354,Empty,1,0.262135,0.262135,0.262135,0.262135,0.262134,0.262133
0.400000,55,Cyclist,0.625000,0.075000,0.000190,0.003446,0.013312,0.052980,0.006227,0.000000,0.499590,0.002974,0.050000,1.495470,1.218961,1.095941,0.010096,0.110745,0.047814,0.046247,Cyclist,1,0.010000,1.495527,1.219016,1.095950,0.010098,0.110757,0.047815,0.046247,Cyclist,1,1.495543,1.495541,1.495535,1.495527,1.495518,1.495470
0.400000,56,Vehicle,0.812500,0.062500,0.000148,0.003022,0.006201,0.034066,0.004678,0.000000,0.499594,0.002422,0.050000,1.843911,1.564152,1.114449,0.004589,0.051583,0.270241,0.428568,Cyclist,0,0.010000,1.844021,1.564248,1.114503,0.004590,0.051594,0.270241,0.428568,Cyclist,0,1.844057,1.844043,1.844046,1.844021,1.843997,1.843911
0.400000,57,Cyclist,0.625000,0.125000,0.000193,0.003062,0.011113,0.032086,0.003585,0.000000,0.499569,0.002847,0.050000,1.547385,1.262235,1.131957,0.008643,0.092444,0.022102,0.079108,Cyclist,1,0.010000,1.547425,1.262274,1.131960,0.008645,0.092454,0.022102,0.079108,Cyclist,1,1.547434,1.547430,1.547433,1.547425,1.547416,1.547385
0.400000,58,Pedestrian,0.500000,0.125000,0.000141,0.003129,0.008441,0.041903,0.007543,0.000000,0.499520,0.003249,0.050000,0.287325,0.001143,1.139517,0.005209,0.070214,0.010348,0.040833,Pedestrian,1,0.010000,0.287328,0.001143,1.139531,0.005210,0.070226,0.010348,0.040833,Pedestrian,1,0.287329,0.287329,0.287329,0.287328,0.287327,0.287325
0.400000,59,Pedestrian,0.562500,0.109375,0.000136,0.002395,0.007929,0.030209,0.004174,0.000000,0.499514,0.003356,0.000000,1.523993,1.250999,1.087395,0.004580,0.065973,0.031528,0.026416,Pedestrian,1,0.010000,1.524004,1.251011,1.087394,0.004580,0.065973,0.031528,0.026416,Pedestrian,1,1.523993,1.523999,1.523994,1.524004,1.523997,1.524011
0.400000,60,Pedestrian,0.625000,0.075000,0.000136,0.003201,0.008085,0.053440,0.006457,0.000000,0.499551,0.003003,0.050000,0.268248,0.001556,1.061281,0.005486,0.067249,0.020267,0.039905,Pedestrian,1,0.010000,0.268250,0.001556,1.061290,0.005487,0.067260,0.020267,0.039905,Pedestrian,1,0.268251,0.268251,0.268251,0.268250,0.268250,0.268248
0.400000,61,Vehicle,0.687500,0.078125,0.000169,0.003418,0.011036,0.051792,0.004208,0.000000,0.499611,0.002871,0.050000,0.286639,0.014366,1.081080,0.008013,0.091810,0.024246,0.056994,Vehicle,1,0.010000,0.286648,0.014366,1.081113,0.008014,0.091820,0.024246,0.056993,Vehicle,1,0.286650,0.286649,0.286649,0.286648,0.286645,0.286639
0.400000,62,Pedestrian,0.625000,0.075000,0.000118,0.003043,0.007545,0.055611,0.005451,0.000000,0.499527,0.002674,0.000000,1.437987,1.168576,1.072541,0.005105,0.062777,0.021306,0.032392,Pedestrian,1,0.010000,1.438002,1.168591,1.072539,0.005105,0.062773,0.021305,0.032392,Pedestrian,1,1.437987,1.437990,1.438002,1.438002,1.438004,1.438029
0.400000,63,Pedestrian,0.750000,0.062500,0.000133,0.002892,0.008666,0.052387,0.006676,0.000000,0.499605,0.002491,0.050000,0.273054,0.003261,1.073161,0.006011,0.072082,0.022346,0.030644,Pedestrian,1,0.010000,0.273061,0.003261,1.073186,0.006013,0.072097,0.022346,0.030644,Pedestrian,1,0.273063,0.273062,0.273062,0.273061,0.273059,0.273054
0.400000,64,Cyclist,0.562500,0.109375,0.000153,0.003433,0.007355,0.048051,0.003183,0.000000,0.499539,0.003328,0.005000,0.280470,0.000845,1.113394,0.005109,0.061191,0.030456,0.073181,Cyclist,1,0.010000,0.280470,0.000845,1.113395,0.005109,0.061191,0.030456,0.073181,Cyclist,1,0.280470,0.280470,0.280470,0.280470,0.280471,0.280471
0.400000,65,Pedestrian,0.562500,0.109375,0.000137,0.003289,0.008381,0.045815,0.005044,0.000000,0.499526,0.003195,0.050000,0.280115,0.001597,1.108458,0.005614,0.069725,0.026279,0.033001,Pedestrian,1,0.010000,0.280118,0.001597,1.108467,0.005615,0.069732,0.026279,0.033001,Pedestrian,1,0.280118,0.280118,0.280118,0.280118,0.280117,0.280115
0.400000,66,Vehicle,0.750000,0.083333,0.000195,0.002882,0.009827,0.042565,0.004087,0.000000,0.499698,0.002459,0.050000,0.309764,0.028817,1.116114,0.007673,0.081755,0.041566,0.072664,Vehicle,1,0.010000,0.309771,0.028817,1.116141,0.007674,0.081763,0.041567,0.072665,Vehicle,1,0.309773,0.309772,0.309772,0.309771,0.309769,0.309764
0.400000,67,Pedestrian,0.687500,0.078125,0.000128,0.003074,0.007633,0.054529,0.004658,0.000000,0.499566,0.002674,0.050000,0.263814,0.001239,1.045001,0.005300,0.063497,0.029865,0.034442,Pedestrian,1,0.010000,0.263816,0.001239,1.045008,0.005300,0.063500,0.029865,0.034442,Pedestrian,1,0.263816,0.263816,0.263816,0.263816,0.263815,0.263814
0.400000,68,Pedestrian,0.625000,0.093750,0.000175,0.004264,0.008086,0.056650,0.005558,0.000000,0.499589,0.004018,0.050000,0.272914,0.001884,1.077314,0.006810,0.067265,0.045085,0.045569,Pedestrian,1,0.010000,0.272916,0.001884,1.077318,0.006810,0.067269,0.045085,0.045570,Pedestrian,1,0.272916,0.272916,0.272915,0.272916,0.272915,0.272914
0.400000,69,Pedestrian,0.625000,0.125000,0.000213,0.005495,0.013043,0.068677,0.007457,0.000000,0.499313,0.005130,0.050000,2.710749,2.413503,1.173853,0.015131,0.108516,0.009222,0.881828,Vehicle,0,0.010000,2.710749,2.413503,1.173855,0.015132,0.108518,0.009222,0.881829,Vehicle,0,2.710750,2.710750,2.710750,2.710749,2.710749,2.710749
0.400000,70,Pedestrian,0.625000,0.125000,0.000166,0.003524,0.009796,0.042561,0.005961,0.000000,0.499569,0.003216,0.050000,0.285269,0.001481,1.128825,0.006325,0.081485,0.016877,0.031032,Pedestrian,1,0.010000,0.285273,0.001481,1.128840,0.006327,0.081501,0.016877,0.031032,Pedestrian,1,0.285274,0.285274,0.285273,0.285273,0.285272,0.285269
0.400000,71,Pedestrian,0.500000,0.100000,0.000155,0.002901,0.008751,0.047629,0.005461,0.000000,0.499535,0.003295,0.050000,0.278912,0.001935,1.101850,0.006059,0.072798,0.023584,0.030589,Pedestrian,1,0.010000,0.278913,0.001935,1.101854,0.006059,0.072802,0.023584,0.030590,Pedestrian,1,0.278914,0.278914,0.278913,0.278913,0.278913,0.278912
0.400000,72,Cyclist,0.625000,0.075000,0.000174,0.004188,0.011097,0.072401,0.009497,0.000000,0.499582,0.003628,0.050000,0.282108,0.000894,1.114720,0.010138,0.092303,0.035516,0.044635,Cyclist,1,0.010000,0.282112,0.000894,1.114731,0.010140,0.092318,0.035516,0.044636,Cyclist,1,0.282113,0.282112,0.282112,0.282112,0.282111,0.282108
0.400000,73,Pedestrian,0.500000,0.083333,0.000144,0.003478,0.009955,0.059233,0.005262,0.000000,0.499532,0.003469,0.050000,0.273085,0.001210,1.081014,0.006485,0.082804,0.034531,0.041905,Pedestrian,1,0.010000,0.273087,0.001210,1.081024,0.006486,0.082819,0.034531,0.041906,Pedestrian,1,0.273088,0.273088,0.273088,0.273087,0.273087,0.273085
0.400000,74,Vehicle,0.562500,0.145833,0.000226,0.003752,0.013294,0.039953,0.004421,0.000000,0.499570,0.003447,0.050000,1.854446,1.568222,1.134353,0.010541,0.110594,0.028741,0.072015,Cyclist,0,0.010000,1.854492,1.568262,1.134380,0.010542,0.110604,0.028741,0.072016,Cyclist,0,1.854499,1.854491,1.854494,1.854492,1.854476,1.854446
0.500000,0,Cyclist,0.187500,0.270833,0.000112,0.002681,0.007585,0.026283,0.001865,0.000000,0.499424,0.004835,0.002500,1.528283,1.233759,1.173987,0.004110,0.063110,0.024528,0.089856,Cyclist,1,0.010000,1.528287,1.233763,1.173986,0.004110,0.063110,0.024528,0.089856,Cyclist,1,1.528285,1.528283,1.528291,1.528287,1.528290,1.528297
0.500000,1,Empty,0.375000,0.208333,0.000020,0.002650,0.003667,0.020869,0.001980,0.000000,0.499374,0.003628,0.000000,1.713953,1.448324,1.060643,0.001875,0.030508,0.029139,0.042981,Cyclist,0,0.010000,1.713968,1.448339,1.060641,0.001875,0.030506,0.029139,0.042981,Cyclist,0,1.713953,1.713958,1.713955,1.713968,1.713972,1.714002
0.500000,2,Empty,0.750000,0.062500,0.000038,0.002405,0.003097,0.039820,0.002908,0.000000,0.499358,0.002011,0.050000,0.256548,0.001059,1.019648,0.002311,0.025766,0.023278,0.024704,Empty,1,0.010000,0.256550,0.001059,1.019654,0.002311,0.025767,0.023278,0.024704,Empty,1,0.256550,0.256550,0.256550,0.256550,0.256549,0.256548
0.500000,3,Empty,0.437500,0.112500,0.000027,0.002733,0.003345,0.040830,0.002341,0.000000,0.499368,0.003191,0.000000,1.707322,1.445597,1.044521,0.002380,0.027832,0.018606,0.035282,Cyclist,0,0.010000,1.707325,1.445600,1.044522,0.002380,0.027832,0.018607,0.035282,Cyclist,0,1.707322,1.707335,1.707336,1.707325,1.707337,1.707351
0.500000,4,Empty,0.562500,0.087500,0.000057,0.002835,0.003997,0.049563,0.003806,0.000000,0.499383,0.002975,0.050000,0.261991,0.000938,1.041324,0.002886,0.033251,0.023316,0.031404,Empty,1,0.010000,0.261992,0.000938,1.041331,0.002886,0.033251,0.023316,0.031405,Empty,1,0.261993,0.261993,0.261993,0.261992,0.261992,0.261991
0.500000,5,Empty,0.375000,0.125000,0.000024,0.002759,0.003881,0.039452,0.003260,0.000000,0.499362,0.003635,0.005000,1.699541,1.436903,1.048007,0.002544,0.032290,0.024445,0.035686,Cyclist,0,0.010000,1.699545,1.436908,1.048007,0.002544,0.032290,0.024445,0.035686,Cyclist,0,1.699543,1.699543,1.699541,1.699545,1.699550,1.699576
0.500000,6,Cyclist,0.500000,0.100000,0.000160,0.003831,0.011099,0.062481,0.003564,0.000000,0.499498,0.003895,0.050000,1.549488,1.267075,1.120706,0.008947,0.092331,0.020850,0.074685,Pedestrian,0,0.010000,1.549520,1.267109,1.120695,0.008948,0.092341,0.020850,0.074686,Pedestrian,0,1.549529,1.549531,1.549525,1.549520,1.549513,1.549488
0.500000,7,Pedestrian,0.437500,0.140625,0.000196,0.004528,0.009903,0.056115,0.002894,0.000000,0.499549,0.004614,0.050000,0.285502,0.002611,1.124072,0.007491,0.082375,0.053470,0.055339,Pedestrian,1,0.010000,0.285503,0.002611,1.124075,0.007492,0.082387,0.053470,0.055340,Pedestrian,1,0.285504,0.285504,0.285503,0.285503,0.285503,0.285502
0.500000,8,Pedestrian,0.437500,0.140625,0.000123,0.003627,0.009492,0.048495,0.006889,0.000000,0.499354,0.004348,0.002500,1.581390,1.285485,1.177024,0.006598,0.078973,0.006780,0.631526,Cyclist,0,0.010000,1.581403,1.285498,1.177024,0.006597,0.078969,0.006780,0.631525,Cyclist,0,1.581398,1.581390,1.581400,1.581403,1.581410,1.581429
0.500000,9,Vehicle,0.437500,0.112500,0.000218,0.003314,0.014275,0.048375,0.003142,0.000000,0.499556,0.003652,0.050000,0.288348,0.005128,1.121887,0.010993,0.118744,0.030753,0.087098,Vehicle,1,0.010000,0.288356,0.005128,1.121917,0.010996,0.118762,0.030753,0.087098,Vehicle,1,0.288358,0.288357,0.288357,0.288356,0.288354,0.288348
0.500000,10,Cyclist,0.500000,0.125000,0.000304,0.003192,0.017913,0.040362,0.007903,0.000000,0.499240,0.004414,0.050000,0.416459,0.120868,1.159926,0.022435,0.149016,0.012564,0.891801,Cyclist,1,0.010000,0.416463,0.120868,1.159939,0.022438,0.149035,0.012565,0.891803,Cyclist,1,0.416463,0.416463,0.416463,0.416463,0.416461,0.416459
0.500000,11,Empty,0.687500,0.062500,0.000275,0.006559,0.018577,0.102671,0.010307,0.000000,0.499342,0.005703,0.050000,0.326210,0.026031,1.165892,0.034826,0.154552,0.010821,0.819742,Empty,1,0.010000,0.326214,0.026031,1.165902,0.034831,0.154559,0.010821,0.819744,Empty,1,0.326215,0.326215,0.326214,0.326214,0.326213,0.326210
0.500000,12,Vehicle,0.312500,0.171875,0.000203,0.003971,0.012241,0.053463,0.001380,0.000000,0.499514,0.004636,0.050000,0.297434,0.011537,1.133357,0.010230,0.101828,0.032461,0.101020,Vehicle,1,0.010000,0.297440,0.011537,1.133379,0.010233,0.101842,0.032461,0.101021,Vehicle,1,0.297442,0.297441,0.297441,0.297440,0.297439,0.297434
0.500000,13,Pedestrian,0.625000,0.093750,0.000144,0.003097,0.007171,0.038103,0.004807,0.000000,0.499566,0.002817,0.050000,0.265461,0.001206,1.052538,0.004480,0.059644,0.029627,0.030853,Pedestrian,1,0.010000,0.265466,0.001206,1.052556,0.004481,0.059659,0.029627,0.030853,Pedestrian,1,0.265467,0.265466,0.265466,0.265466,0.265464,0.265461
0.500000,14,Vehicle,0.375000,0.125000,0.000205,0.003952,0.014041,0.054374,0.003200,0.000000,0.499529,0.004305,0.050000,0.289975,0.002651,1.137849,0.011448,0.116799,0.053747,0.049133,Vehicle,1,0.010000,0.289984,0.002651,1.137882,0.011451,0.116817,0.053747,0.049132,Vehicle,1,0.289986,0.289985,0.289985,0.289984,0.289981,0.289975
0.500000,15,Empty,0.437500,0.140625,0.000193,0.002892,0.014027,0.036001,0.009577,0.000000,0.499354,0.004239,0.000000,1.814176,1.517719,1.175644,0.010185,0.116707,0.007537,0.643288,Cyclist,0,0.010000,1.814195,1.517738,1.175645,0.010184,0.116705,0.007537,0.643288,Cyclist,0,1.814176,1.814185,1.814187,1.814195,1.814214,1.814283
0.500000,16,Vehicle,0.375000,0.156250,0.000210,0.003897,0.009231,0.048385,0.004177,0.000000,0.499527,0.004334,0.050000,0.284336,0.002452,1.120175,0.007362,0.076793,0.026289,0.095956,Vehicle,1,0.010000,0.284341,0.002452,1.120192,0.007364,0.076801,0.026289,0.095957,Vehicle,1,0.284342,0.284342,0.284341,0.284341,0.284340,0.284336
0.500000,17,Vehicle,0.500000,0.166667,0.000178,0.004317,0.007820,0.038832,0.006877,0.000000,0.499533,0.004261,0.010000,0.286469,0.001337,1.134597,0.005929,0.065063,0.054106,0.045202,Vehicle,1,0.010000,0.286469,0.001337,1.134597,0.005929,0.065063,0.054106,0.045202,Vehicle,1,0.286469,0.286469,0.286469,0.286469,0.286469,0.286469
0.500000,18,Empty,0.437500,0.093750,0.000043,0.002720,0.003560,0.046041,0.003140,0.000000,0.499378,0.003254,0.010000,1.701602,1.442017,1.035749,0.002588,0.029619,0.021056,0.037649,Cyclist,0,0.010000,1.701602,1.442017,1.035749,0.002588,0.029619,0.021056,0.037649,Cyclist,0,1.701606,1.701612,1.701609,1.701602,1.701614,1.701627
0.500000,19,Cyclist,0.625000,0.075000,0.000166,0.003072,0.009711,0.049519,0.003219,0.000000,0.499478,0.003339,0.000000,0.277635,0.001497,1.095668,0.008883,0.080794,0.023435,0.071755,Cyclist,1,0.010000,0.277637,0.001497,1.095675,0.008883,0.080794,0.023435,0.071755,Cyclist,1,0.277635,0.277636,0.277636,0.277637,0.277638,0.277642
0.500000,20,Vehicle,0.562500,0.087500,0.000203,0.003413,0.012329,0.057933,0.004144,0.000000,0.499595,0.003153,0.050000,1.933171,1.645002,1.143463,0.009214,0.102544,0.028209,0.083158,Pedestrian,0,0.010000,1.933306,1.645125,1.143508,0.009216,0.102566,0.028209,0.083158,Pedestrian,0,1.933340,1.933332,1.933327,1.933306,1.933272,1.933171
0.500000,21,Empty,0.500000,0.125000,0.000045,0.002972,0.003455,0.042635,0.002616,0.000000,0.499371,0.003277,0.050000,1.705550,1.442863,1.048136,0.002612,0.028743,0.018297,0.048342,Cyclist,0,0.010000,1.705568,1.442880,1.048141,0.002612,0.028743,0.018297,0.048342,Cyclist,0,1.705572,1.705568,1.705575,1.705568,1.705565,1.705550
0.500000,22,Cyclist,0.375000,0.104167,0.000171,0.002866,0.013510,0.053285,0.004232,0.000000,0.499510,0.003946,0.050000,1.551478,1.263205,1.143552,0.009540,0.112389,0.030803,0.091676,Cyclist,1,0.010000,1.551514,1.263240,1.143552,0.009542,0.112404,0.030803,0.091676,Cyclist,1,1.551522,1.551518,1.551518,1.551514,1.551505,1.551478
0.500000,23,Empty,0.687500,0.078125,0.000036,0.002544,0.003285,0.035583,0.002795,0.000000,0.499362,0.002089,0.050000,0.259541,0.001007,1.031873,0.002264,0.027325,0.015867,0.029582,Empty,1,0.010000,0.259542,0.001007,1.031878,0.002264,0.027328,0.015867,0.029582,Empty,1,0.259542,0.259542,0.259543,0.259542,0.259542,0.259541
0.500000,24,Empty,0.687500,0.078125,0.000039,0.002730,0.003970,0.034971,0.003152,0.000000,0.499382,0.002412,0.050000,0.256161,0.001023,1.018201,0.002351,0.033028,0.017010,0.030403,Empty,1,0.010000,0.256161,0.001023,1.018204,0.002351,0.033029,0.017010,0.030404,Empty,1,0.256162,0.256162,0.256161,0.256161,0.256161,0.256161
0.500000,25,Cyclist,0.625000,0.125000,0.000149,0.004123,0.008493,0.067306,0.014833,0.000000,0.499384,0.004406,0.050000,4.864850,4.573575,1.156519,0.008581,0.070655,0.013487,0.589857,Vehicle,0,0.010000,4.864851,4.573575,1.156521,0.008582,0.070659,0.013487,0.589857,Vehicle,0,4.864851,4.864851,4.864851,4.864851,4.864851,4.864850
0.500000,26,Pedestrian,0.625000,0.093750,0.000142,0.003219,0.008167,0.054931,0.004260,0.000000,0.499555,0.002983,0.005000,1.427622,1.151893,1.096984,0.005933,0.067943,0.033383,0.029993,Pedestrian,1,0.010000,1.427623,1.151893,1.096984,0.005933,0.067945,0.033383,0.029993,Pedestrian,1,1.427624,1.427624,1.427622,1.427623,1.427631,1.427646
0.500000,27,Cyclist,0.812500,0.062500,0.000131,0.002539,0.008006,0.038441,0.003387,0.000000,0.499616,0.002056,0.050000,0.278866,0.001754,1.103629,0.004818,0.066606,0.014835,0.064017,Cyclist,1,0.010000,0.278871,0.001754,1.103650,0.004818,0.066606,0.014835,0.064017,Cyclist,1,0.278873,0.278873,0.278872,0.278871,0.278870,0.278866
0.500000,28,Cyclist,0.500000,0.083333,0.000160,0.003952,0.010808,0.077187,0.006274,0.000000,0.499518,0.003891,0.050000,0.374937,0.085943,1.147402,0.008576,0.089903,0.051360,0.043322,Cyclist,1,0.010000,0.374939,0.085943,1.147407,0.008578,0.089917,0.051361,0.043321,Cyclist,1,0.374940,0.374939,0.374939,0.374939,0.374939,0.374937
0.500000,29,Vehicle,0.562500,0.145833,0.000192,0.003467,0.009029,0.033009,0.003611,0.000000,0.499588,0.003175,0.050000,0.542786,0.265445,1.103490,0.005875,0.075108,0.036419,0.055031,Vehicle,1,0.010000,0.542791,0.265445,1.103508,0.005876,0.075118,0.036419,0.055031,Vehicle,1,0.542792,0.542792,0.542792,0.542791,0.542790,0.542786
0.500000,30,Empty,0.625000,0.075000,0.000041,0.002734,0.004091,0.047924,0.003461,0.000000,0.499350,0.003040,0.050000,0.256611,0.001037,1.019303,0.002990,0.034030,0.028075,0.030887,Empty,1,0.010000,0.256612,0.001037,1.019309,0.002991,0.034034,0.028075,0.030888,Empty,1,0.256613,0.256612,0.256612,0.256612,0.256611,0.256611
0.500000,31,Empty,0.312500,0.137500,0.000031,0.002520,0.004271,0.042255,0.003758,0.000000,0.499370,0.003866,0.050000,0.265812,0.001036,1.056453,0.002650,0.035534,0.020427,0.031501,Empty,1,0.010000,0.265813,0.001036,1.056457,0.002650,0.035535,0.020427,0.031501,Empty,1,0.265813,0.265813,0.265813,0.265813,0.265813,0.265812
0.500000,32,Empty,0.500000,0.166667,0.000037,0.002755,0.003308,0.030624,0.002958,0.000000,0.499370,0.003328,0.000000,1.699591,1.435839,1.052886,0.002121,0.027519,0.020742,0.037703,Cyclist,0,0.010000,1.699612,1.435860,1.052887,0.002121,0.027519,0.020742,0.037703,Cyclist,0,1.699591,1.699594,1.699597,1.699612,1.699628,1.699656
0.500000,33,Cyclist,0.375000,0.208333,0.000163,0.003510,0.008652,0.028925,0.002568,0.000000,0.499487,0.004292,0.050000,1.553501,1.262870,1.157721,0.004805,0.071978,0.017518,0.037809,Cyclist,1,0.010000,1.553534,1.262903,1.157722,0.004805,0.071981,0.017518,0.037809,Cyclist,1,1.553540,1.553544,1.553540,1.553534,1.553532,1.553501
0.500000,34,Vehicle,0.562500,0.109375,0.000206,0.003028,0.013444,0.043197,0.003110,0.000000,0.499579,0.002980,0.050000,1.882452,1.599146,1.121856,0.011369,0.111842,0.035031,0.051562,Cyclist,0,0.010000,1.882535,1.599217,1.121900,0.011372,0.111854,0.035032,0.051561,Cyclist,0,1.882560,1.882551,1.882542,1.882535,1.882514,1.882452
0.500000,35,Empty,0.437500,0.112500,0.000049,0.002822,0.003874,0.043861,0.002902,0.000000,0.499371,0.003570,0.050000,1.664512,1.403495,1.041313,0.002752,0.032226,0.035506,0.032880,Cyclist,0,0.010000,1.664527,1.403510,1.041316,0.002752,0.032233,0.035506,0.032881,Cyclist,0,1.664526,1.664522,1.664526,1.664527,1.664520,1.664512
0.500000,36,Empty,0.562500,0.109375,0.000022,0.002886,0.003221,0.036551,0.002929,0.000000,0.499370,0.002959,0.050000,0.258343,0.001029,1.026954,0.002303,0.026796,0.024763,0.033228,Empty,1,0.010000,0.258345,0.001029,1.026961,0.002303,0.026797,0.024763,0.033229,Empty,1,0.258345,0.258345,0.258345,0.258345,0.258344,0.258343
0.500000,37,Cyclist,0.625000,0.093750,0.000184,0.003229,0.008291,0.037080,0.002885,0.000000,0.499581,0.003182,0.050000,1.510356,1.229625,1.117214,0.005708,0.068977,0.135725,0.208512,Cyclist,1,0.010000,1.510393,1.229661,1.117218,0.005709,0.068982,0.135725,0.208512,Cyclist,1,1.510404,1.510395,1.510390,1.510393,1.510385,1.510356
0.500000,38,Empty,0.562500,0.072917,0.000047,0.002916,0.003414,0.050647,0.003535,0.000000,0.499377,0.002655,0.050000,1.710045,1.450962,1.033593,0.002740,0.028405,0.023461,0.035994,Pedestrian,0,0.010000,1.710074,1.450989,1.033597,0.002741,0.028405,0.023461,0.035995,Pedestrian,0,1.710082,1.710079,1.710079,1.710074,1.710071,1.710045
0.500000,39,Empty,0.625000,0.075000,0.000050,0.002747,0.003015,0.046919,0.003646,0.000000,0.499375,0.002393,0.050000,0.259533,0.000983,1.031713,0.002486,0.025085,0.027601,0.027598,Empty,1,0.010000,0.259534,0.000983,1.031719,0.002486,0.025083,0.027601,0.027599,Empty,1,0.259534,0.259534,0.259534,0.259534,0.259534,0.259533
0.500000,40,Vehicle,0.250000,0.187500,0.000180,0.003596,0.011177,0.042193,0.003434,0.000000,0.499473,0.004746,0.050000,1.849480,1.559350,1.152097,0.008422,0.092977,0.069741,0.029216,Cyclist,0,0.010000,1.849509,1.559376,1.152110,0.008424,0.092993,0.069741,0.029216,Cyclist,0,1.849514,1.849513,1.849505,1.849509,1.849498,1.849480
0.500000,41,Empty,0.562500,0.109375,0.000026,0.002724,0.003234,0.037588,0.002346,0.000000,0.499361,0.002840,0.050000,0.260126,0.001015,1.034220,0.002227,0.026908,0.018200,0.040990,Empty,1,0.010000,0.260128,0.001015,1.034227,0.002227,0.026908,0.018200,0.040990,Empty,1,0.260129,0.260129,0.260129,0.260128,0.260128,0.260126
0.500000,42,Vehicle,0.437500,0.112500,0.000186,0.003128,0.012123,0.045152,0.002364,0.000000,0.499521,0.003474,0.050000,1.838384,1.554927,1.124249,0.009579,0.100842,0.026596,0.055578,Cyclist,0,0.010000,1.838437,1.554971,1.124282,0.009583,0.100862,0.026596,0.055577,Cyclist,0,1.838442,1.838437,1.838428,1.838437,1.838424,1.838384
0.500000,43,Empty,0.437500,0.187500,0.000041,0.002705,0.003842,0.030643,0.002346,0.000000,0.499377,0.003558,0.010000,1.698479,1.433619,1.057233,0.002206,0.031962,0.014849,0.038222,Cyclist,0,0.010000,1.698479,1.433619,1.057233,0.002206,0.031962,0.014849,0.038222,Cyclist,0,1.698479,1.698484,1.698482,1.698479,1.698486,1.698506
0.500000,44,Vehicle,0.375000,0.125000,0.000184,0.003237,0.011248,0.041892,0.003946,0.000000,0.499515,0.003951,0.050000,1.886531,1.605813,1.115038,0.007837,0.093573,0.040892,0.047883,Cyclist,0,0.010000,1.886612,1.605888,1.115060,0.007837,0.093577,0.040892,0.047883,Cyclist,0,1.886636,1.886625,1.886624,1.886612,1.886601,1.886531
0.500000,45,Cyclist,0.375000,0.156250,0.000192,0.004131,0.010937,0.050452,0.005083,0.000000,0.499500,0.004538,0.050000,1.521815,1.235004,1.137554,0.009691,0.090976,0.040793,0.042462,Cyclist,1,0.010000,1.521855,1.235044,1.137551,0.009693,0.090992,0.040793,0.042462,Cyclist,1,1.521870,1.521862,1.521866,1.521855,1.521848,1.521815
0.500000,46,Cyclist,0.437500,0.112500,0.000132,0.003946,0.007372,0.058174,0.004463,0.000000,0.499477,0.004222,0.050000,1.547009,1.267590,1.112237,0.005440,0.061323,0.069340,0.092304,Cyclist,1,0.010000,1.547029,1.267610,1.112234,0.005441,0.061333,0.069340,0.092304,Cyclist,1,1.547042,1.547034,1.547034,1.547029,1.547030,1.547009
0.500000,47,Pedestrian,0.312500,0.171875,0.000133,0.003213,0.008563,0.038191,0.003863,0.000000,0.499457,0.004402,0.002500,1.474975,1.181630,1.167840,0.005542,0.071238,0.023897,0.028416,Pedestrian,1,0.010000,1.474979,1.181633,1.167839,0.005542,0.071242,0.023897,0.028416,Pedestrian,1,1.474976,1.474975,1.474977,1.474979,1.474979,1.474987
0.500000,48,Empty,0.375000,0.104167,0.000162,0.005365,0.009821,0.058459,0.004993,0.000000,0.499379,0.006170,0.000000,1.764684,1.473055,1.156890,0.009624,0.081711,0.007618,0.665098,Cyclist,0,0.010000,1.764695,1.473068,1.156885,0.009623,0.081701,0.007619,0.665098,Cyclist,0,1.764684,1.764690,1.764688,1.764695,1.764710,1.764746
0.500000,49,Vehicle,0.500000,0.125000,0.000166,0.003972,0.009659,0.049317,0.005737,0.000000,0.499528,0.003863,0.050000,1.870423,1.581088,1.150496,0.006844,0.080355,0.055573,0.050239,Cyclist,0,0.010000,1.870459,1.581120,1.150512,0.006845,0.080359,0.055573,0.050239,Cyclist,0,1.870464,1.870459,1.870462,1.870459,1.870451,1.870423
0.500000,50,Empty,0.500000,0.125000,0.000029,0.002741,0.003993,0.034613,0.002881,0.000000,0.499373,0.003289,0.050000,0.260638,0.000999,1.036130,0.002427,0.033222,0.020191,0.039397,Empty,1,0.010000,0.260639,0.000999,1.036135,0.002427,0.033223,0.020191,0.039398,Empty,1,0.260640,0.260639,0.260639,0.260639,0.260639,0.260638
0.500000,51,Vehicle,0.500000,0.125000,0.000230,0.003420,0.012368,0.042464,0.004981,0.000000,0.499593,0.003542,0.050000,1.894746,1.607879,1.138533,0.008935,0.102884,0.037556,0.093899,Cyclist,0,0.010000,1.894780,1.607909,1.138550,0.008936,0.102895,0.037556,0.093899,Cyclist,0,1.894788,1.894787,1.894793,1.894780,1.894775,1.894746
0.500000,52,Pedestrian,0.562500,0.145833,0.000158,0.003434,0.008473,0.038247,0.003574,0.000000,0.499562,0.003125,0.050000,0.283089,0.003481,1.112983,0.005447,0.070486,0.030191,0.028917,Pedestrian,1,0.010000,0.283091,0.003481,1.112991,0.005448,0.070498,0.030190,0.028917,Pedestrian,1,0.283091,0.283091,0.283091,0.283091,0.283090,0.283089
0.500000,53,Vehicle,0.437500,0.140625,0.000191,0.003333,0.010239,0.037446,0.002807,0.000000,0.499528,0.003804,0.050000,1.832639,1.550685,1.120210,0.007606,0.085172,0.024191,0.054340,Cyclist,0,0.010000,1.832779,1.550817,1.120239,0.007608,0.085188,0.024192,0.054340,Cyclist,0,1.832813,1.832800,1.832795,1.832779,1.832746,1.832639
0.500000,54,Empty,0.312500,0.171875,0.000030,0.002561,0.004495,0.033473,0.002137,0.000000,0.499368,0.004144,0.005000,1.699075,1.434104,1.057386,0.002499,0.037397,0.027836,0.047781,Cyclist,0,0.010000,1.699077,1.434106,1.057385,0.002499,0.037397,0.027836,0.047781,Cyclist,0,1.699077,1.699076,1.699075,1.699077,1.699089,1.699091
0.500000,55,Cyclist,0.375000,0.125000,0.000165,0.002740,0.011220,0.043100,0.003226,0.000000,0.499501,0.003890,0.050000,0.288320,0.003795,1.130686,0.007413,0.093334,0.048923,0.023338,Cyclist,1,0.010000,0.288322,0.003795,1.130690,0.007415,0.093351,0.048923,0.023338,Cyclist,1,0.288322,0.288322,0.288322,0.288322,0.288321,0.288320
0.500000,56,Vehicle,0.437500,0.140625,0.000176,0.003727,0.009609,0.037920,0.002312,0.000000,0.499516,0.003873,0.050000,1.859227,1.572421,1.141487,0.005735,0.079930,0.269600,0.442866,Cyclist,0,0.010000,1.859271,1.572460,1.141507,0.005737,0.079944,0.269599,0.442866,Cyclist,0,1.859281,1.859279,1.859277,1.859271,1.859260,1.859227
0.500000,57,Cyclist,0.812500,0.062500,0.000160,0.002785,0.009786,0.049864,0.004231,0.000000,0.499660,0.002159,0.050000,0.283622,0.000823,1.122041,0.009156,0.081408,0.021791,0.071508,Cyclist,1,0.010000,0.283625,0.000823,1.122049,0.009158,0.081420,0.021791,0.071508,Cyclist,1,0.283625,0.283625,0.283625,0.283625,0.283624,0.283622
0.500000,58,Pedestrian,0.687500,0.078125,0.000138,0.002956,0.007584,0.043389,0.005748,0.000000,0.499591,0.002375,0.050000,0.264170,0.001143,1.047156,0.004953,0.063085,0.009876,0.026533,Pedestrian,1,0.010000,0.264173,0.001143,1.047167,0.004954,0.063096,0.009875,0.026533,Pedestrian,1,0.264173,0.264174,0.264173,0.264173,0.264173,0.264170
0.500000,59,Pedestrian,0.500000,0.125000,0.000127,0.002663,0.007938,0.030752,0.004716,0.000000,0.499490,0.003320,0.050000,0.439159,0.159249,1.115004,0.004636,0.066037,0.031381,0.016945,Pedestrian,1,0.010000,0.439163,0.159249,1.115021,0.004637,0.066045,0.031381,0.016946,Pedestrian,1,0.439164,0.439164,0.439164,0.439163,0.439162,0.439159
0.500000,60,Pedestrian,0.750000,0.062500,0.000128,0.002648,0.007076,0.040790,0.006702,0.000000,0.499581,0.002121,0.005000,1.435987,1.169111,1.062761,0.004741,0.058877,0.020154,0.034212,Pedestrian,1,0.010000,1.435988,1.169113,1.062761,0.004740,0.058873,0.020154,0.034212,Pedestrian,1,1.435992,1.435992,1.435987,1.435988,1.435998,1.436008
0.500000,61,Vehicle,0.687500,0.104167,0.000172,0.003431,0.008830,0.033120,0.002550,0.000000,0.499630,0.002868,0.050000,0.293331,0.014366,1.109989,0.005872,0.073456,0.023957,0.056680,Vehicle,1,0.010000,0.293337,0.014366,1.110012,0.005874,0.073469,0.023957,0.056680,Vehicle,1,0.293339,0.293339,0.293338,0.293337,0.293336,0.293331
0.500000,62,Pedestrian,0.562500,0.109375,0.000134,0.003100,0.007154,0.036246,0.003484,0.000000,0.499527,0.003042,0.000000,1.433796,1.156963,1.103055,0.004277,0.059521,0.021598,0.034646,Pedestrian,1,0.010000,1.433807,1.156974,1.103054,0.004277,0.059521,0.021598,0.034646,Pedestrian,1,1.433796,1.433802,1.433803,1.433807,1.433812,1.433832
0.500000,63,Pedestrian,0.562500,0.109375,0.000171,0.003562,0.009207,0.042358,0.004274,0.000000,0.499583,0.003415,0.050000,0.280194,0.003261,1.101068,0.006662,0.076574,0.021264,0.033866,Pedestrian,1,0.010000,0.280196,0.003261,1.101074,0.006665,0.076597,0.021264,0.033866,Pedestrian,1,0.280196,0.280196,0.280196,0.280196,0.280195,0.280194
0.500000,64,Cyclist,0.437500,0.140625,0.000151,0.003109,0.007217,0.035792,0.002955,0.000000,0.499502,0.003874,0.050000,1.526550,1.245875,1.118402,0.004298,0.060044,0.029856,0.081186,Cyclist,1,0.010000,1.526573,1.245899,1.118401,0.004298,0.060049,0.029856,0.081187,Cyclist,1,1.526582,1.526583,1.526579,1.526573,1.526570,1.526550
0.500000,65,Pedestrian,0.375000,0.156250,0.000143,0.002877,0.007749,0.037466,0.004572,0.000000,0.499482,0.003664,0.002500,1.581518,1.294633,1.142660,0.004883,0.064471,0.026709,0.028464,Cyclist,0,0.010000,1.581520,1.294635,1.142658,0.004882,0.064467,0.026709,0.028464,Cyclist,0,1.581524,1.581518,1.581519,1.581520,1.581533,1.581531
0.500000,66,Vehicle,0.437500,0.140625,0.000207,0.003472,0.012672,0.043242,0.003167,0.000000,0.499550,0.003831,0.050000,1.897531,1.609103,1.143404,0.010310,0.105415,0.042955,0.086507,Cyclist,0,0.010000,1.897663,1.609231,1.143417,0.010312,0.105429,0.042955,0.086508,Cyclist,0,1.897705,1.897690,1.897685,1.897663,1.897638,1.897531
0.500000,67,Pedestrian,0.500000,0.100000,0.000143,0.003037,0.008377,0.049323,0.005850,0.000000,0.499516,0.003193,0.000000,1.448705,1.173716,1.094271,0.005688,0.069693,0.030771,0.023514,Pedestrian,1,0.010000,1.448709,1.173720,1.094270,0.005687,0.069688,0.030771,0.023514,Pedestrian,1,1.448705,1.448714,1.448709,1.448709,1.448714,1.448726
0.500000,68,Pedestrian,0.437500,0.140625,0.000164,0.004239,0.008640,0.053442,0.004763,0.000000,0.499507,0.004453,0.010000,1.563638,1.280511,1.125889,0.006618,0.071880,0.043212,0.061092,Cyclist,0,0.010000,1.563638,1.280511,1.125889,0.006618,0.071880,0.043212,0.061092,Cyclist,0,1.563641,1.563646,1.563642,1.563638,1.563648,1.563663
0.500000,69,Pedestrian,0.312500,0.137500,0.000075,0.003325,0.006521,0.037281,0.003470,0.000000,0.499361,0.005133,0.050000,2.709535,2.413503,1.179863,0.004266,0.054235,0.009714,0.897715,Vehicle,0,0.010000,2.709536,2.413503,1.179865,0.004267,0.054245,0.009714,0.897715,Vehicle,0,2.709536,2.709536,2.709536,2.709536,2.709535,2.709535
0.500000,70,Pedestrian,0.562500,0.087500,0.000162,0.003380,0.010371,0.051559,0.005418,0.000000,0.499555,0.003154,0.002500,1.429395,1.156801,1.082867,0.007509,0.086291,0.017280,0.038055,Pedestrian,1,0.010000,1.429401,1.156808,1.082864,0.007508,0.086283,0.017280,0.038055,Pedestrian,1,1.429399,1.429395,1.429396,1.429401,1.429405,1.429432
0.500000,71,Pedestrian,0.312500,0.343750,0.000128,0.002094,0.005934,0.013619,0.002495,0.000000,0.499464,0.004204,0.050000,0.294324,0.001935,1.166901,0.002654,0.049368,0.023414,0.035233,Pedestrian,1,0.010000,0.294325,0.001935,1.166904,0.002655,0.049373,0.023414,0.035233,Pedestrian,1,0.294325,0.294325,0.294325,0.294325,0.294324,0.294324
0.500000,72,Cyclist,0.500000,0.125000,0.000180,0.004604,0.011195,0.064079,0.003655,0.000000,0.499540,0.004126,0.000000,0.282597,0.000894,1.117919,0.008894,0.093142,0.036476,0.043145,Cyclist,1,0.010000,0.282598,0.000894,1.117920,0.008893,0.093138,0.036476,0.043145,Cyclist,1,0.282597,0.282597,0.282597,0.282598,0.282598,0.282599
0.500000,73,Pedestrian,0.500000,0.125000,0.000137,0.003321,0.007261,0.044086,0.004772,0.000000,0.499521,0.003468,0.002500,1.435844,1.155576,1.116279,0.004790,0.060412,0.034856,0.044754,Pedestrian,1,0.010000,1.435855,1.155588,1.116278,0.004790,0.060408,0.034856,0.044754,Pedestrian,1,1.435846,1.435844,1.435851,1.435855,1.435861,1.435871
0.500000,74,Vehicle,0.562500,0.072917,0.000240,0.004011,0.019130,0.067926,0.006638,0.000000,0.499585,0.003711,0.050000,1.844401,1.564413,1.102375,0.017577,0.159140,0.028494,0.068905,Cyclist,0,0.010000,1.844468,1.564469,1.102414,0.017581,0.159158,0.028493,0.068905,Cyclist,0,1.844469,1.844478,1.844459,1.844468,1.844438,1.844401
