dropout_p,sequence_id,true_class,snr_quality,obs_ratio,gap_length,est_range,est_velocity,kin_residual,energy_residual,r_uncertainty,v_uncertainty,oracle_step,oracle_objective,oracle_pred,oracle_correct,oracle_latency_ms,J_5steps,f1_pred_5steps,miss_mse_5steps,kin_res_5steps,J_10steps,f1_pred_10steps,miss_mse_10steps,kin_res_10steps,J_20steps,f1_pred_20steps,miss_mse_20steps,kin_res_20steps,J_50steps,f1_pred_50steps,miss_mse_50steps,kin_res_50steps
0.100000,0,Cyclist,0.000000,1.000000,0.000000,0.499655,0.001631,0.007064,0.004469,0.000105,0.001120,5,0.013884,Cyclist,1,59.420970,0.013884,Cyclist,0.000000,0.058772,0.023884,Cyclist,0.000000,0.058772,0.043884,Cyclist,0.000000,0.058772,0.103884,Cyclist,0.000000,0.058772
0.100000,1,Empty,0.000000,1.000000,0.000000,0.499389,0.000772,0.001263,0.002116,0.000048,0.001379,5,0.011274,Empty,1,59.420970,0.011274,Empty,0.000000,0.010507,0.021274,Empty,0.000000,0.010507,0.041274,Empty,0.000000,0.010507,0.101274,Empty,0.000000,0.010507
0.100000,2,Empty,0.000000,0.812500,0.062500,0.499349,0.001394,0.002447,0.002935,0.000040,0.002069,5,0.011473,Empty,1,59.420970,0.011473,Empty,1.018732,0.020360,0.021487,Empty,1.003042,0.020701,0.041476,Empty,1.002701,0.020526,0.101476,Empty,1.003111,0.020496
0.100000,3,Empty,0.000000,0.875000,0.062500,0.499385,0.001358,0.002260,0.002757,0.000063,0.002210,5,0.011453,Empty,1,59.420970,0.011453,Empty,1.014385,0.018804,0.021453,Empty,0.994911,0.018695,0.041444,Empty,0.994947,0.018523,0.101444,Empty,0.995409,0.018525
0.100000,4,Empty,0.000000,0.812500,0.187500,0.499371,0.001582,0.002912,0.001329,0.000033,0.002417,5,0.011285,Empty,1,59.420970,0.011285,Empty,1.069578,0.024231,0.021268,Empty,1.060995,0.023677,0.041268,Empty,1.061680,0.023662,0.101268,Empty,1.062232,0.023636
0.100000,5,Empty,0.000000,0.937500,0.062500,0.499379,0.001357,0.001579,0.001996,0.000042,0.001972,5,0.011273,Empty,1,59.420970,0.011273,Empty,1.015476,0.013140,0.021278,Empty,0.998144,0.013505,0.041272,Empty,0.997349,0.013129,0.101272,Empty,0.997804,0.013153
0.100000,6,Cyclist,0.000000,1.000000,0.000000,0.499620,0.001767,0.008252,0.004943,0.000112,0.002148,5,0.012712,Cyclist,1,59.420970,0.012712,Cyclist,0.000000,0.068658,0.022712,Cyclist,0.000000,0.068658,0.042712,Cyclist,0.000000,0.068658,0.102712,Cyclist,0.000000,0.068658
0.100000,7,Pedestrian,0.000000,0.875000,0.062500,0.499690,0.003188,0.008588,0.005250,0.000154,0.003204,5,0.014439,Pedestrian,1,59.420970,0.014439,Pedestrian,1.088328,0.071455,0.024378,Pedestrian,1.065703,0.070944,0.044395,Pedestrian,1.068033,0.071325,0.104397,Pedestrian,1.069599,0.071369
0.100000,8,Pedestrian,0.000000,0.937500,0.062500,0.499250,0.004040,0.017692,0.015443,0.000251,0.004788,5,4.348316,Empty,0,59.420970,4.348316,Empty,1.195587,0.147197,4.358280,Empty,1.200359,0.146954,4.378280,Empty,1.201360,0.146960,4.438279,Empty,1.201963,0.146948
0.100000,9,Vehicle,0.000000,1.000000,0.000000,0.499806,0.001904,0.006488,0.005004,0.000096,0.001373,5,0.015957,Vehicle,1,59.420970,0.015957,Vehicle,0.000000,0.053976,0.025957,Vehicle,0.000000,0.053976,0.045957,Vehicle,0.000000,0.053976,0.105957,Vehicle,0.000000,0.053976
0.100000,10,Cyclist,0.000000,0.812500,0.062500,0.499295,0.005747,0.018144,0.010593,0.000274,0.006742,10,1.312981,Pedestrian,0,41.145840,1.330975,Pedestrian,1.115710,0.150958,1.312981,Pedestrian,1.119932,0.151942,1.332699,Pedestrian,1.121194,0.151872,1.392445,Pedestrian,1.121992,0.151856
0.100000,11,Empty,0.000000,0.937500,0.062500,0.499312,0.006022,0.022656,0.016160,0.000305,0.006564,5,0.047729,Empty,1,59.420970,0.047729,Empty,1.129286,0.188502,0.057703,Empty,1.135039,0.188627,0.077704,Empty,1.135626,0.188621,0.137704,Empty,1.135919,0.188620
0.100000,12,Vehicle,0.000000,1.000000,0.000000,0.499780,0.002551,0.005380,0.004277,0.000100,0.001815,5,0.022165,Vehicle,1,59.420970,0.022165,Vehicle,0.000000,0.044765,0.032165,Vehicle,0.000000,0.044765,0.052165,Vehicle,0.000000,0.044765,0.112165,Vehicle,0.000000,0.044765
0.100000,13,Pedestrian,0.000000,0.875000,0.062500,0.499601,0.001565,0.005564,0.003680,0.000125,0.002142,5,1.140531,Pedestrian,1,59.420970,1.140531,Pedestrian,1.089135,0.046296,1.151341,Pedestrian,1.062255,0.043873,1.167882,Pedestrian,1.060931,0.044131,1.228487,Pedestrian,1.061692,0.044151
0.100000,14,Vehicle,0.000000,0.875000,0.062500,0.499739,0.002499,0.009062,0.004960,0.000154,0.002741,5,0.014545,Vehicle,1,59.420970,0.014545,Vehicle,1.075234,0.075392,0.024496,Vehicle,1.074354,0.074425,0.044510,Vehicle,1.078165,0.074726,0.104509,Vehicle,1.080264,0.074706
0.100000,15,Empty,0.000000,0.812500,0.062500,0.499247,0.004454,0.019678,0.014859,0.000308,0.004309,5,0.020122,Empty,1,59.420970,0.020122,Empty,1.163308,0.163722,0.030090,Empty,1.166831,0.163667,0.050092,Empty,1.167974,0.163702,0.110092,Empty,1.168721,0.163702
0.100000,16,Vehicle,0.000000,0.875000,0.062500,0.499716,0.002542,0.010781,0.003714,0.000171,0.002847,5,0.014496,Vehicle,1,59.420970,0.014496,Vehicle,1.098647,0.089695,0.024388,Vehicle,1.099857,0.088086,0.044385,Vehicle,1.102905,0.088053,0.104385,Vehicle,1.104752,0.088050
0.100000,17,Vehicle,0.000000,0.937500,0.062500,0.499676,0.002929,0.007615,0.007059,0.000159,0.002617,5,0.012630,Vehicle,1,59.420970,0.012630,Vehicle,1.108478,0.063359,0.022584,Vehicle,1.112423,0.061952,0.042589,Vehicle,1.113399,0.062129,0.102589,Vehicle,1.114844,0.062117
0.100000,18,Empty,0.000000,0.875000,0.062500,0.499377,0.001510,0.002874,0.003011,0.000049,0.002106,5,0.011453,Empty,1,59.420970,0.011453,Empty,1.012083,0.023910,0.021461,Empty,0.992809,0.023941,0.041449,Empty,0.991535,0.023745,0.101449,Empty,0.992045,0.023744
0.100000,19,Cyclist,0.000000,0.875000,0.062500,0.499578,0.002424,0.004392,0.003532,0.000092,0.002901,5,0.012379,Cyclist,1,59.420970,0.012379,Cyclist,1.113098,0.036545,0.022329,Cyclist,1.101617,0.036152,0.042329,Cyclist,1.103571,0.036167,0.102330,Cyclist,1.104943,0.036218
0.100000,20,Vehicle,0.000000,0.875000,0.062500,0.499732,0.001994,0.007988,0.004992,0.000137,0.002537,5,0.026045,Vehicle,1,59.420970,0.026045,Vehicle,1.092096,0.066460,0.035976,Vehicle,1.080228,0.064973,0.055990,Vehicle,1.082099,0.065317,0.115992,Vehicle,1.083374,0.065373
0.100000,21,Empty,0.000000,0.937500,0.062500,0.499380,0.001155,0.001906,0.002378,0.000051,0.001842,5,0.011346,Empty,1,59.420970,0.011346,Empty,1.011098,0.015860,0.021363,Empty,0.995127,0.017983,0.041354,Empty,0.994634,0.017559,0.101355,Empty,0.995183,0.017583
0.100000,22,Cyclist,0.000000,0.875000,0.062500,0.499660,0.001822,0.008924,0.005817,0.000152,0.002500,5,0.397214,Cyclist,1,59.420970,0.397214,Cyclist,1.112270,0.074245,0.407133,Cyclist,1.103117,0.071548,0.427130,Cyclist,1.104028,0.071671,0.487131,Cyclist,1.104828,0.071703
0.100000,23,Empty,0.000000,0.937500,0.062500,0.499371,0.001158,0.003287,0.002508,0.000050,0.001807,5,0.011427,Empty,1,59.420970,0.011427,Empty,1.017231,0.027350,0.021432,Empty,1.003763,0.027373,0.041427,Empty,1.004645,0.027263,0.101427,Empty,1.005097,0.027293
0.100000,24,Empty,0.000000,0.937500,0.062500,0.499384,0.001204,0.003447,0.002676,0.000048,0.001890,5,0.011424,Empty,1,59.420970,0.011424,Empty,1.017492,0.028679,0.021422,Empty,0.998934,0.028676,0.041417,Empty,0.998955,0.028567,0.101417,Empty,0.999529,0.028568
0.100000,25,Cyclist,0.000000,0.875000,0.062500,0.499443,0.004380,0.010014,0.017717,0.000186,0.004888,10,1.324286,Pedestrian,0,41.145840,1.325327,Pedestrian,1.195235,0.083318,1.324286,Pedestrian,1.194851,0.084641,1.343343,Pedestrian,1.195874,0.084617,1.402843,Pedestrian,1.196400,0.084631
0.100000,26,Pedestrian,0.000000,0.875000,0.062500,0.499634,0.001855,0.006537,0.003922,0.000114,0.002324,5,1.162630,Pedestrian,1,59.420970,1.162630,Pedestrian,1.089059,0.054386,1.178903,Pedestrian,1.063158,0.053834,1.192959,Pedestrian,1.061669,0.054193,1.253089,Pedestrian,1.062397,0.054203
0.100000,27,Cyclist,0.000000,0.812500,0.093750,0.499605,0.001896,0.005322,0.003325,0.000128,0.002381,5,0.012497,Cyclist,1,59.420970,0.012497,Cyclist,1.082058,0.044281,0.022406,Cyclist,1.063223,0.041326,0.042407,Cyclist,1.063914,0.041023,0.102407,Cyclist,1.064834,0.041019
0.100000,28,Cyclist,0.000000,1.000000,0.000000,0.499718,0.002887,0.007848,0.005043,0.000128,0.003757,5,0.097766,Cyclist,1,59.420970,0.097766,Cyclist,0.000000,0.065297,0.107766,Cyclist,0.000000,0.065297,0.127766,Cyclist,0.000000,0.065297,0.187766,Cyclist,0.000000,0.065297
0.100000,29,Vehicle,0.000000,0.750000,0.062500,0.499649,0.002516,0.011497,0.004675,0.000198,0.003147,5,0.277688,Vehicle,1,59.420970,0.277688,Vehicle,1.095801,0.095653,0.287562,Vehicle,1.094108,0.092602,0.307561,Vehicle,1.097690,0.092743,0.367561,Vehicle,1.099680,0.092756
0.100000,30,Empty,0.000000,1.000000,0.000000,0.499364,0.001287,0.003541,0.002473,0.000048,0.001590,5,0.011444,Empty,1,59.420970,0.011444,Empty,0.000000,0.029460,0.021444,Empty,0.000000,0.029460,0.041444,Empty,0.000000,0.029460,0.101444,Empty,0.000000,0.029460
0.100000,31,Empty,0.000000,0.875000,0.062500,0.499383,0.001513,0.002227,0.002193,0.000038,0.002218,5,1.390374,Pedestrian,0,59.420970,1.390374,Pedestrian,1.040754,0.018531,1.423242,Cyclist,1.028490,0.019797,1.441244,Cyclist,1.027446,0.019494,1.500839,Cyclist,1.027669,0.019509
0.100000,32,Empty,0.000000,0.875000,0.062500,0.499373,0.001534,0.001627,0.002542,0.000038,0.002105,5,1.396045,Pedestrian,0,59.420970,1.396045,Pedestrian,1.034563,0.013536,1.422184,Cyclist,1.015628,0.013560,1.436689,Cyclist,1.013182,0.013541,1.496161,Cyclist,1.013508,0.013547
0.100000,33,Cyclist,0.000000,0.812500,0.062500,0.499618,0.002489,0.009628,0.003196,0.000148,0.003065,5,0.018194,Cyclist,1,59.420970,0.018194,Cyclist,1.102343,0.080102,0.028033,Cyclist,1.089771,0.075143,0.048051,Cyclist,1.090704,0.075883,0.108052,Cyclist,1.092016,0.075894
0.100000,34,Vehicle,0.000000,0.937500,0.062500,0.499732,0.001596,0.007457,0.003160,0.000135,0.002022,5,4.852257,Cyclist,0,59.420970,4.852257,Cyclist,1.090928,0.062038,4.862190,Cyclist,1.088310,0.060729,4.882182,Cyclist,1.092681,0.060619,4.942181,Cyclist,1.095000,0.060602
0.100000,35,Empty,0.000000,1.000000,0.000000,0.499384,0.000781,0.001763,0.001807,0.000056,0.001098,5,0.011347,Empty,1,59.420970,0.011347,Empty,0.000000,0.014671,0.021347,Empty,0.000000,0.014671,0.041347,Empty,0.000000,0.014671,0.101347,Empty,0.000000,0.014671
0.100000,36,Empty,0.000000,0.875000,0.062500,0.499371,0.001443,0.001702,0.002294,0.000034,0.002293,5,0.011423,Empty,1,59.420970,0.011423,Empty,1.016539,0.014161,0.021443,Empty,1.003555,0.014942,0.041432,Empty,1.003145,0.014425,0.101433,Empty,1.003524,0.014441
0.100000,37,Cyclist,0.000000,0.812500,0.093750,0.499643,0.002643,0.007245,0.004130,0.000159,0.002993,5,0.016282,Cyclist,1,59.420970,0.016282,Cyclist,1.111531,0.060278,0.026279,Cyclist,1.097499,0.060128,0.046280,Cyclist,1.099860,0.060176,0.106281,Cyclist,1.101644,0.060189
0.100000,38,Empty,0.000000,0.937500,0.062500,0.499389,0.001371,0.002106,0.002609,0.000044,0.002023,5,0.011316,Empty,1,59.420970,0.011316,Empty,0.993100,0.017519,0.021310,Empty,0.996599,0.017493,0.041310,Empty,0.996816,0.017370,0.101310,Empty,0.997277,0.017373
0.100000,39,Empty,0.000000,1.000000,0.000000,0.499382,0.000883,0.002258,0.002094,0.000055,0.001378,5,0.011291,Empty,1,59.420970,0.011291,Empty,0.000000,0.018784,0.021291,Empty,0.000000,0.018784,0.041291,Empty,0.000000,0.018784,0.101291,Empty,0.000000,0.018784
0.100000,40,Vehicle,0.000000,0.812500,0.062500,0.499661,0.002900,0.010491,0.007238,0.000173,0.003196,5,0.013303,Vehicle,1,59.420970,0.013303,Vehicle,1.095465,0.087289,0.023185,Vehicle,1.100467,0.085128,0.043180,Vehicle,1.104072,0.085019,0.103179,Vehicle,1.106130,0.084965
0.100000,41,Empty,0.000000,0.750000,0.083333,0.499361,0.002274,0.002306,0.002682,0.000044,0.002679,5,1.416489,Pedestrian,0,59.420970,1.416489,Pedestrian,1.034378,0.019183,1.454097,Cyclist,1.020653,0.019366,1.472728,Cyclist,1.020149,0.019455,1.532059,Cyclist,1.020686,0.019485
0.100000,42,Vehicle,0.000000,1.000000,0.000000,0.499739,0.001591,0.004773,0.004052,0.000126,0.001434,5,0.011685,Vehicle,1,59.420970,0.011685,Vehicle,0.000000,0.039710,0.021685,Vehicle,0.000000,0.039710,0.041685,Vehicle,0.000000,0.039710,0.101685,Vehicle,0.000000,0.039710
0.100000,43,Empty,0.000000,0.937500,0.062500,0.499388,0.001321,0.001918,0.001830,0.000047,0.001923,5,0.011367,Empty,1,59.420970,0.011367,Empty,1.032715,0.015954,0.021363,Empty,1.021932,0.016156,0.041360,Empty,1.021795,0.015944,0.101360,Empty,1.021987,0.015954
0.100000,44,Vehicle,0.000000,0.937500,0.062500,0.499722,0.001783,0.004241,0.005161,0.000110,0.002057,5,1.615853,Pedestrian,0,59.420970,1.615853,Pedestrian,1.101059,0.035282,1.622440,Cyclist,1.107312,0.035632,1.645287,Cyclist,1.109989,0.035739,1.706053,Cyclist,1.111677,0.035747
0.100000,45,Cyclist,0.000000,0.875000,0.062500,0.499619,0.002692,0.007654,0.008157,0.000162,0.003493,5,0.023792,Cyclist,1,59.420970,0.023792,Cyclist,1.094631,0.063682,0.033689,Cyclist,1.077718,0.062421,0.053688,Cyclist,1.078678,0.062353,0.113688,Cyclist,1.079766,0.062365
0.100000,46,Cyclist,0.000000,0.875000,0.062500,0.499579,0.003019,0.006828,0.003978,0.000145,0.003414,5,0.201373,Cyclist,1,59.420970,0.201373,Cyclist,1.068188,0.056809,0.211300,Cyclist,1.058127,0.054309,0.231301,Cyclist,1.059627,0.054390,0.291301,Cyclist,1.061111,0.054426
0.100000,47,Pedestrian,0.000000,0.812500,0.093750,0.499626,0.002546,0.008295,0.005610,0.000147,0.002923,5,0.017392,Pedestrian,1,59.420970,0.017392,Pedestrian,1.103105,0.069013,0.027293,Pedestrian,1.065113,0.066226,0.047297,Pedestrian,1.065839,0.066055,0.107298,Pedestrian,1.066905,0.066067
0.100000,48,Empty,0.000000,0.875000,0.062500,0.499444,0.005077,0.017405,0.016086,0.000280,0.005580,5,4.324118,Vehicle,0,59.420970,4.324118,Vehicle,1.136491,0.144806,4.334095,Vehicle,1.143680,0.144510,4.354097,Vehicle,1.144685,0.144514,4.414098,Vehicle,1.145260,0.144497
0.100000,49,Vehicle,0.000000,0.875000,0.062500,0.499655,0.002466,0.006250,0.006618,0.000133,0.002720,5,1.578050,Pedestrian,0,59.420970,1.578050,Pedestrian,1.109070,0.052001,1.580589,Cyclist,1.107532,0.050747,1.603618,Cyclist,1.109607,0.050834,1.665218,Cyclist,1.111149,0.050834
0.100000,50,Empty,0.000000,0.750000,0.083333,0.499374,0.002083,0.003209,0.002455,0.000046,0.002685,5,0.011556,Empty,1,59.420970,0.011556,Empty,1.035357,0.026701,0.021535,Empty,1.027513,0.026186,0.041531,Empty,1.027552,0.026132,0.101531,Empty,1.028106,0.026140
0.100000,51,Vehicle,0.000000,0.937500,0.062500,0.499767,0.001442,0.005821,0.006806,0.000113,0.001901,5,0.176356,Vehicle,1,59.420970,0.176356,Vehicle,1.063304,0.048431,0.186343,Vehicle,1.052430,0.048023,0.206342,Vehicle,1.054576,0.047984,0.266343,Vehicle,1.055940,0.048009
0.100000,52,Pedestrian,0.000000,0.812500,0.062500,0.499636,0.002194,0.008114,0.005266,0.000133,0.002858,5,0.014831,Pedestrian,1,59.420970,0.014831,Pedestrian,1.072360,0.067505,0.024795,Pedestrian,1.048157,0.067863,0.044798,Pedestrian,1.050068,0.067851,0.104799,Pedestrian,1.051475,0.067888
0.100000,53,Vehicle,0.000000,0.937500,0.062500,0.499752,0.001972,0.004773,0.002996,0.000152,0.002242,5,0.012685,Vehicle,1,59.420970,0.012685,Vehicle,1.069846,0.039714,0.022626,Vehicle,1.068350,0.038470,0.042628,Vehicle,1.072101,0.038530,0.102627,Vehicle,1.074535,0.038517
0.100000,54,Empty,0.000000,0.937500,0.062500,0.499376,0.001191,0.002055,0.002424,0.000052,0.001803,5,0.011390,Empty,1,59.420970,0.011390,Empty,1.029753,0.017098,0.021392,Empty,1.026350,0.017040,0.041388,Empty,1.026262,0.016956,0.101388,Empty,1.026587,0.016957
0.100000,55,Cyclist,0.000000,0.875000,0.125000,0.499697,0.002063,0.006671,0.003435,0.000142,0.002830,5,0.014730,Cyclist,1,59.420970,0.014730,Cyclist,1.136118,0.055503,0.024690,Cyclist,1.116091,0.054447,0.044687,Cyclist,1.116320,0.054359,0.104688,Cyclist,1.116961,0.054364
0.100000,56,Vehicle,0.000000,0.750000,0.083333,0.499566,0.002539,0.008013,0.003458,0.000141,0.003023,5,0.013598,Vehicle,1,59.420970,0.013598,Vehicle,1.115210,0.066665,0.023489,Vehicle,1.106925,0.063980,0.043484,Vehicle,1.110053,0.063743,0.103484,Vehicle,1.111956,0.063729
0.100000,57,Cyclist,0.000000,0.812500,0.093750,0.499606,0.002070,0.005908,0.004780,0.000144,0.002708,5,0.011694,Cyclist,1,59.420970,0.011694,Cyclist,1.135942,0.049156,0.021648,Cyclist,1.116087,0.046889,0.041643,Cyclist,1.116616,0.046655,0.101643,Cyclist,1.117397,0.046664
0.100000,58,Pedestrian,0.000000,0.625000,0.187500,0.499550,0.002941,0.005584,0.005023,0.000139,0.003402,5,0.011878,Pedestrian,1,59.420970,0.011878,Pedestrian,1.162415,0.046455,0.021854,Pedestrian,1.142598,0.045083,0.041857,Pedestrian,1.143577,0.045235,0.101857,Pedestrian,1.144441,0.045267
0.100000,59,Pedestrian,0.000000,0.750000,0.062500,0.499573,0.002417,0.009327,0.005979,0.000142,0.002637,10,1.149824,Pedestrian,1,41.145840,1.155273,Pedestrian,1.093213,0.077604,1.149824,Pedestrian,1.068638,0.075775,1.165235,Pedestrian,1.069146,0.076068,1.225564,Pedestrian,1.070374,0.076128
0.100000,60,Pedestrian,0.000000,0.875000,0.062500,0.499620,0.001772,0.004765,0.004261,0.000113,0.002514,5,0.012373,Pedestrian,1,59.420970,0.012373,Pedestrian,1.082348,0.039643,0.022274,Pedestrian,1.046182,0.035132,0.042295,Pedestrian,1.046103,0.036254,0.102295,Pedestrian,1.047040,0.036248
0.100000,61,Vehicle,0.000000,1.000000,0.000000,0.499723,0.001685,0.004034,0.003566,0.000066,0.001367,5,0.024813,Vehicle,1,59.420970,0.024813,Vehicle,0.000000,0.033564,0.034813,Vehicle,0.000000,0.033564,0.054813,Vehicle,0.000000,0.033564,0.114813,Vehicle,0.000000,0.033564
0.100000,62,Pedestrian,0.000000,1.000000,0.000000,0.499637,0.001117,0.003850,0.002379,0.000060,0.001277,5,0.011987,Pedestrian,1,59.420970,0.011987,Pedestrian,0.000000,0.032035,0.021987,Pedestrian,0.000000,0.032035,0.041987,Pedestrian,0.000000,0.032035,0.101987,Pedestrian,0.000000,0.032035
0.100000,63,Pedestrian,0.000000,0.875000,0.062500,0.499644,0.002118,0.007780,0.003626,0.000121,0.002612,5,0.014525,Pedestrian,1,59.420970,0.014525,Pedestrian,1.087202,0.064728,0.024476,Pedestrian,1.076283,0.063834,0.044480,Pedestrian,1.078280,0.063943,0.104481,Pedestrian,1.079783,0.063967
0.100000,64,Cyclist,0.000000,1.000000,0.000000,0.499669,0.001438,0.005588,0.003655,0.000099,0.001717,5,0.011535,Cyclist,1,59.420970,0.011535,Cyclist,0.000000,0.046492,0.021535,Cyclist,0.000000,0.046492,0.041535,Cyclist,0.000000,0.046492,0.101535,Cyclist,0.000000,0.046492
0.100000,65,Pedestrian,0.000000,0.812500,0.062500,0.499610,0.002044,0.006462,0.004035,0.000124,0.002879,5,0.012866,Pedestrian,1,59.420970,0.012866,Pedestrian,1.075931,0.053760,0.022689,Pedestrian,1.032124,0.047762,0.042742,Pedestrian,1.032673,0.049859,0.102742,Pedestrian,1.033928,0.049890
0.100000,66,Vehicle,0.000000,1.000000,0.000000,0.499768,0.001581,0.007480,0.004428,0.000131,0.001808,5,0.040005,Vehicle,1,59.420970,0.040005,Vehicle,0.000000,0.062230,0.050005,Vehicle,0.000000,0.062230,0.070005,Vehicle,0.000000,0.062230,0.130005,Vehicle,0.000000,0.062230
0.100000,67,Pedestrian,0.000000,0.812500,0.062500,0.499592,0.001926,0.007100,0.005184,0.000126,0.002701,5,0.012457,Pedestrian,1,59.420970,0.012457,Pedestrian,1.054363,0.059075,0.022375,Pedestrian,1.023474,0.057732,0.042376,Pedestrian,1.025186,0.057744,0.102377,Pedestrian,1.026814,0.057784
0.100000,68,Pedestrian,0.000000,0.937500,0.062500,0.499675,0.003066,0.004969,0.005017,0.000130,0.002736,5,0.012666,Pedestrian,1,59.420970,0.012666,Pedestrian,1.081855,0.041343,0.022641,Pedestrian,1.043530,0.041063,0.042647,Pedestrian,1.045051,0.041283,0.102648,Pedestrian,1.046481,0.041290
0.100000,69,Pedestrian,0.000000,0.875000,0.062500,0.499413,0.004540,0.014954,0.008670,0.000265,0.005425,5,2.428932,Vehicle,0,59.420970,2.428932,Vehicle,1.144665,0.124421,2.438890,Vehicle,1.144582,0.124479,2.458892,Vehicle,1.145211,0.124476,2.518892,Vehicle,1.145623,0.124473
0.100000,70,Pedestrian,0.000000,1.000000,0.000000,0.499694,0.001706,0.004108,0.004213,0.000084,0.001639,5,0.012028,Pedestrian,1,59.420970,0.012028,Pedestrian,0.000000,0.034178,0.022028,Pedestrian,0.000000,0.034178,0.042028,Pedestrian,0.000000,0.034178,0.102028,Pedestrian,0.000000,0.034178
0.100000,71,Pedestrian,0.000000,0.875000,0.062500,0.499594,0.001599,0.007010,0.006075,0.000135,0.002123,5,0.012996,Pedestrian,1,59.420970,0.012996,Pedestrian,1.048503,0.058325,0.022885,Pedestrian,1.016109,0.053947,0.042903,Pedestrian,1.015981,0.054737,0.102903,Pedestrian,1.017171,0.054756
0.100000,72,Cyclist,0.000000,0.812500,0.062500,0.499615,0.003443,0.009463,0.006991,0.000158,0.004231,5,0.013461,Cyclist,1,59.420970,0.013461,Cyclist,1.113731,0.078729,0.023223,Cyclist,1.103454,0.073960,0.043221,Cyclist,1.104765,0.073838,0.103221,Cyclist,1.105863,0.073859
0.100000,73,Pedestrian,0.000000,0.937500,0.062500,0.499631,0.001651,0.003348,0.003307,0.000090,0.002318,5,0.011897,Pedestrian,1,59.420970,0.011897,Pedestrian,1.089185,0.027855,0.021839,Pedestrian,1.061332,0.027019,0.041844,Pedestrian,1.061737,0.027063,0.101844,Pedestrian,1.063010,0.027064
0.100000,74,Vehicle,0.000000,0.875000,0.062500,0.499711,0.002695,0.015317,0.005514,0.000211,0.002891,5,0.019524,Vehicle,1,59.420970,0.019524,Vehicle,1.098061,0.127441,0.029400,Vehicle,1.098909,0.124981,0.049399,Vehicle,1.101346,0.125154,0.109399,Vehicle,1.103169,0.125155
0.200000,0,Cyclist,0.000000,0.875000,0.062500,0.499614,0.002048,0.008120,0.004571,0.000142,0.002509,10,1.257173,Cyclist,1,41.145840,1.299299,Pedestrian,1.153030,0.067555,1.257173,Cyclist,1.135023,0.067400,1.275627,Cyclist,1.135613,0.067464,1.335373,Cyclist,1.136539,0.067484
0.200000,1,Empty,0.000000,0.812500,0.062500,0.499378,0.001789,0.002275,0.003160,0.000055,0.002513,5,0.011497,Empty,1,59.420970,0.011497,Empty,1.012365,0.018931,0.021502,Empty,0.996394,0.019056,0.041489,Empty,0.996733,0.018622,0.101489,Empty,0.997241,0.018636
0.200000,2,Empty,0.000000,0.750000,0.125000,0.499357,0.002072,0.002715,0.003047,0.000040,0.002539,5,1.405319,Pedestrian,0,59.420970,1.405319,Pedestrian,1.060759,0.022587,1.424571,Cyclist,1.051682,0.022168,1.441925,Cyclist,1.051698,0.022098,1.501378,Cyclist,1.052230,0.022099
0.200000,3,Empty,0.000000,0.812500,0.062500,0.499382,0.001658,0.002347,0.002395,0.000060,0.002408,5,1.390400,Pedestrian,0,59.420970,1.390400,Pedestrian,1.042496,0.019530,1.415806,Cyclist,1.032058,0.019208,1.431091,Cyclist,1.030626,0.019140,1.490674,Cyclist,1.030926,0.019146
0.200000,4,Empty,0.000000,0.875000,0.062500,0.499375,0.001585,0.002550,0.002466,0.000043,0.002307,5,0.011363,Empty,1,59.420970,0.011363,Empty,0.999197,0.021215,0.021365,Empty,0.992974,0.021114,0.041357,Empty,0.992753,0.021010,0.101357,Empty,0.993218,0.021013
0.200000,5,Empty,0.000000,0.687500,0.078125,0.499369,0.002515,0.003436,0.002999,0.000036,0.002852,5,0.011512,Empty,1,59.420970,0.011512,Empty,1.030106,0.028585,0.021520,Empty,1.019147,0.028394,0.041508,Empty,1.019334,0.028206,0.101508,Empty,1.019940,0.028215
0.200000,6,Cyclist,0.000000,0.937500,0.062500,0.499602,0.002142,0.009543,0.004791,0.000131,0.002694,5,0.012949,Cyclist,1,59.420970,0.012949,Cyclist,1.099119,0.079396,0.022902,Cyclist,1.089731,0.078146,0.042904,Cyclist,1.090213,0.078253,0.102904,Cyclist,1.091282,0.078259
0.200000,7,Pedestrian,0.000000,0.875000,0.062500,0.499704,0.002980,0.007305,0.005401,0.000155,0.003096,5,0.013966,Pedestrian,1,59.420970,0.013966,Pedestrian,1.081704,0.060777,0.023929,Pedestrian,1.053756,0.060552,0.043929,Pedestrian,1.055648,0.060531,0.103930,Pedestrian,1.057278,0.060539
0.200000,8,Pedestrian,0.000000,0.750000,0.125000,0.499312,0.004024,0.012059,0.009762,0.000186,0.004482,5,4.345980,Empty,0,59.420970,4.345980,Empty,1.138324,0.100335,4.355963,Empty,1.139083,0.099998,4.375964,Empty,1.139524,0.100050,4.435964,Empty,1.139904,0.100049
0.200000,9,Vehicle,0.000000,0.687500,0.062500,0.499692,0.003055,0.016186,0.004307,0.000224,0.003637,5,0.018637,Vehicle,1,59.420970,0.018637,Vehicle,1.107319,0.134667,0.028534,Vehicle,1.105070,0.133316,0.048546,Vehicle,1.107872,0.133674,0.108550,Vehicle,1.109617,0.133738
0.200000,10,Cyclist,0.000000,0.750000,0.062500,0.499409,0.006327,0.012214,0.006504,0.000222,0.007010,5,0.135048,Cyclist,1,59.420970,0.135048,Cyclist,1.130988,0.101618,0.145035,Cyclist,1.135897,0.101437,0.165037,Cyclist,1.137190,0.101504,0.225038,Cyclist,1.137915,0.101526
0.200000,11,Empty,0.000000,0.625000,0.093750,0.499275,0.006201,0.015600,0.009858,0.000240,0.006855,5,0.042178,Empty,1,59.420970,0.042178,Empty,1.143623,0.129791,0.052157,Empty,1.145136,0.129617,0.072159,Empty,1.145785,0.129653,0.132159,Empty,1.146200,0.129639
0.200000,12,Vehicle,0.000000,0.812500,0.062500,0.499696,0.002950,0.011901,0.003993,0.000186,0.003318,5,0.023974,Vehicle,1,59.420970,0.023974,Vehicle,1.078930,0.099013,0.033842,Vehicle,1.080832,0.096139,0.053853,Vehicle,1.083971,0.096655,0.113854,Vehicle,1.086072,0.096682
0.200000,13,Pedestrian,0.000000,0.750000,0.083333,0.499579,0.002283,0.007230,0.004384,0.000144,0.002874,5,0.012440,Pedestrian,1,59.420970,0.012440,Pedestrian,1.092153,0.060157,0.022334,Pedestrian,1.057952,0.056314,0.042341,Pedestrian,1.059685,0.056633,0.102342,Pedestrian,1.061151,0.056669
0.200000,14,Vehicle,0.000000,0.812500,0.062500,0.499718,0.002608,0.009255,0.005078,0.000176,0.002963,5,1.634669,Pedestrian,0,59.420970,1.634669,Pedestrian,1.110206,0.076999,1.656263,Cyclist,1.108186,0.076426,1.679049,Cyclist,1.110969,0.076275,1.740165,Cyclist,1.112824,0.076285
0.200000,15,Empty,0.000000,0.875000,0.125000,0.499269,0.004199,0.019753,0.011506,0.000314,0.004073,5,0.019774,Empty,1,59.420970,0.019774,Empty,1.174164,0.164345,0.029734,Empty,1.169677,0.162437,0.049736,Empty,1.170667,0.162466,0.109736,Empty,1.171294,0.162463
0.200000,16,Vehicle,0.000000,0.687500,0.062500,0.499642,0.003021,0.014390,0.003552,0.000212,0.003596,5,0.015694,Vehicle,1,59.420970,0.015694,Vehicle,1.110125,0.119728,0.025617,Vehicle,1.109799,0.119349,0.045619,Vehicle,1.112911,0.119597,0.105619,Vehicle,1.114846,0.119594
0.200000,17,Vehicle,0.000000,0.750000,0.062500,0.499610,0.003433,0.008765,0.008236,0.000187,0.003773,10,1.585258,Cyclist,0,41.145840,1.586954,Pedestrian,1.104352,0.072922,1.585258,Cyclist,1.102752,0.070391,1.608645,Cyclist,1.105136,0.070326,1.669802,Cyclist,1.106825,0.070356
0.200000,18,Empty,0.000000,0.500000,0.100000,0.499362,0.003137,0.003838,0.003048,0.000032,0.002768,5,1.426639,Cyclist,0,59.420970,1.426639,Cyclist,1.047926,0.031934,1.465566,Cyclist,1.036501,0.031083,1.483982,Cyclist,1.036461,0.030894,1.544063,Cyclist,1.037010,0.030899
0.200000,19,Cyclist,0.000000,1.000000,0.000000,0.499568,0.001802,0.006528,0.003590,0.000159,0.002154,5,0.013258,Cyclist,1,59.420970,0.013258,Cyclist,0.000000,0.054312,0.023258,Cyclist,0.000000,0.054312,0.043258,Cyclist,0.000000,0.054312,0.103258,Cyclist,0.000000,0.054312
0.200000,20,Vehicle,0.000000,1.000000,0.000000,0.499782,0.001343,0.004323,0.005033,0.000069,0.001339,5,0.025153,Vehicle,1,59.420970,0.025153,Vehicle,0.000000,0.035968,0.035153,Vehicle,0.000000,0.035968,0.055153,Vehicle,0.000000,0.035968,0.115153,Vehicle,0.000000,0.035968
0.200000,21,Empty,0.000000,0.875000,0.062500,0.499372,0.001483,0.002385,0.002477,0.000054,0.002240,5,0.011440,Empty,1,59.420970,0.011440,Empty,1.014283,0.019844,0.021439,Empty,1.000190,0.019735,0.041428,Empty,1.000630,0.019533,0.101428,Empty,1.001225,0.019535
0.200000,22,Cyclist,0.000000,0.812500,0.062500,0.499650,0.002064,0.011250,0.006627,0.000168,0.002811,5,0.397785,Cyclist,1,59.420970,0.397785,Cyclist,1.108363,0.093600,0.407613,Cyclist,1.092321,0.089299,0.427606,Cyclist,1.092729,0.089087,0.487608,Cyclist,1.093473,0.089137
0.200000,23,Empty,0.000000,0.812500,0.062500,0.499369,0.001775,0.002923,0.002731,0.000049,0.002493,5,0.011554,Empty,1,59.420970,0.011554,Empty,1.024361,0.024322,0.021554,Empty,1.012213,0.025340,0.041540,Empty,1.012310,0.024846,0.101540,Empty,1.012682,0.024851
0.200000,24,Empty,0.000000,0.562500,0.109375,0.499367,0.002792,0.003135,0.002347,0.000036,0.002925,5,0.011592,Empty,1,59.420970,0.011592,Empty,1.045894,0.026087,0.021587,Empty,1.035587,0.028777,0.041582,Empty,1.036190,0.028637,0.101582,Empty,1.036858,0.028638
0.200000,25,Cyclist,0.000000,0.750000,0.083333,0.499421,0.004571,0.010796,0.018128,0.000154,0.004908,5,4.586338,Vehicle,0,59.420970,4.586338,Vehicle,1.136885,0.089822,4.596340,Vehicle,1.139702,0.089610,4.616340,Vehicle,1.140838,0.089646,4.676341,Vehicle,1.141538,0.089660
0.200000,26,Pedestrian,0.000000,0.812500,0.062500,0.499611,0.002062,0.006320,0.006267,0.000127,0.002699,5,0.012392,Pedestrian,1,59.420970,0.012392,Pedestrian,1.070536,0.052578,0.022327,Pedestrian,1.036663,0.050113,0.042337,Pedestrian,1.036592,0.050825,0.102337,Pedestrian,1.037808,0.050814
0.200000,27,Cyclist,0.000000,0.750000,0.062500,0.499590,0.002279,0.009061,0.004084,0.000143,0.002606,5,0.013289,Cyclist,1,59.420970,0.013289,Cyclist,1.101641,0.075385,0.023113,Cyclist,1.086323,0.070145,0.043120,Cyclist,1.087108,0.070439,0.103120,Cyclist,1.088148,0.070466
0.200000,28,Cyclist,0.000000,0.875000,0.062500,0.499656,0.003274,0.008687,0.006737,0.000169,0.004361,5,0.098203,Cyclist,1,59.420970,0.098203,Cyclist,1.117291,0.072277,0.108114,Cyclist,1.103398,0.070774,0.128118,Cyclist,1.104074,0.070957,0.188118,Cyclist,1.105015,0.070947
0.200000,29,Vehicle,0.000000,0.687500,0.104167,0.499619,0.002771,0.011747,0.004380,0.000199,0.003260,5,0.277721,Vehicle,1,59.420970,0.277721,Vehicle,1.095094,0.097732,0.287648,Vehicle,1.081411,0.096122,0.307647,Vehicle,1.084439,0.096160,0.367648,Vehicle,1.086454,0.096174
0.200000,30,Empty,0.000000,0.812500,0.062500,0.499357,0.002165,0.003483,0.003221,0.000051,0.002421,5,0.011624,Empty,1,59.420970,0.011624,Empty,1.024231,0.028977,0.021627,Empty,1.011919,0.031002,0.041616,Empty,1.012145,0.030749,0.101617,Empty,1.012641,0.030778
0.200000,31,Empty,0.000000,0.875000,0.062500,0.499377,0.001185,0.002499,0.002267,0.000042,0.001927,5,0.011415,Empty,1,59.420970,0.011415,Empty,1.023962,0.020792,0.021409,Empty,1.005335,0.019834,0.041405,Empty,1.004557,0.019716,0.101406,Empty,1.004925,0.019683
0.200000,32,Empty,0.000000,0.812500,0.062500,0.499371,0.001575,0.001993,0.002767,0.000038,0.002237,5,0.011435,Empty,1,59.420970,0.011435,Empty,1.035167,0.016581,0.021422,Empty,1.022478,0.014792,0.041424,Empty,1.021105,0.014807,0.101424,Empty,1.021449,0.014842
0.200000,33,Cyclist,0.000000,0.875000,0.125000,0.499637,0.002217,0.006880,0.003111,0.000130,0.002858,5,0.017650,Cyclist,1,59.420970,0.017650,Cyclist,1.124110,0.057242,0.027610,Cyclist,1.101349,0.056055,0.047609,Cyclist,1.102044,0.055977,0.107608,Cyclist,1.103164,0.055971
0.200000,34,Vehicle,0.000000,0.812500,0.062500,0.499682,0.002015,0.012082,0.003861,0.000182,0.002610,5,4.853477,Cyclist,0,59.420970,4.853477,Cyclist,1.084913,0.100525,4.863405,Cyclist,1.082186,0.099067,4.883396,Cyclist,1.086519,0.098876,4.943395,Cyclist,1.088679,0.098839
0.200000,35,Empty,0.000000,0.875000,0.062500,0.499378,0.001431,0.002017,0.002108,0.000052,0.002152,5,0.011451,Empty,1,59.420970,0.011451,Empty,1.002317,0.016784,0.021460,Empty,0.995852,0.018211,0.041454,Empty,0.995970,0.017499,0.101455,Empty,0.996459,0.017534
0.200000,36,Empty,0.000000,0.750000,0.125000,0.499370,0.002101,0.002930,0.002106,0.000031,0.002684,5,0.011446,Empty,1,59.420970,0.011446,Empty,1.039773,0.024375,0.021425,Empty,1.035102,0.023798,0.041425,Empty,1.035439,0.023803,0.101425,Empty,1.036081,0.023810
0.200000,37,Cyclist,0.000000,1.000000,0.000000,0.499715,0.001836,0.004065,0.003818,0.000089,0.002113,5,0.015691,Cyclist,1,59.420970,0.015691,Cyclist,0.000000,0.033818,0.025691,Cyclist,0.000000,0.033818,0.045691,Cyclist,0.000000,0.033818,0.105691,Cyclist,0.000000,0.033818
0.200000,38,Empty,0.000000,0.750000,0.083333,0.499379,0.002247,0.002655,0.003165,0.000064,0.002809,5,0.011492,Empty,1,59.420970,0.011492,Empty,1.014290,0.022087,0.021512,Empty,1.001665,0.022084,0.041501,Empty,1.002137,0.021920,0.101502,Empty,1.002843,0.021924
0.200000,39,Empty,0.000000,0.625000,0.125000,0.499364,0.002471,0.003244,0.002990,0.000036,0.002799,5,0.011488,Empty,1,59.420970,0.011488,Empty,1.043625,0.026987,0.021486,Empty,1.032587,0.029327,0.041480,Empty,1.033019,0.028958,0.101480,Empty,1.033576,0.028953
0.200000,40,Vehicle,0.000000,0.812500,0.062500,0.499667,0.002859,0.011362,0.006694,0.000172,0.003201,5,0.013526,Vehicle,1,59.420970,0.013526,Vehicle,1.111430,0.094528,0.023459,Vehicle,1.113862,0.093622,0.043460,Vehicle,1.117144,0.093786,0.103460,Vehicle,1.119082,0.093766
0.200000,41,Empty,0.000000,0.812500,0.062500,0.499364,0.002019,0.002274,0.002613,0.000042,0.002603,5,0.011541,Empty,1,59.420970,0.011541,Empty,1.002760,0.018918,0.021542,Empty,0.993449,0.018672,0.041528,Empty,0.993765,0.018419,0.101528,Empty,0.994349,0.018423
0.200000,42,Vehicle,0.000000,0.750000,0.062500,0.499685,0.002258,0.007634,0.002790,0.000187,0.002826,10,1.558681,Cyclist,0,41.145840,1.561428,Pedestrian,1.089576,0.063513,1.558681,Cyclist,1.091847,0.063002,1.578515,Cyclist,1.094747,0.063195,1.639867,Cyclist,1.096578,0.063221
0.200000,43,Empty,0.000000,0.687500,0.104167,0.499381,0.002764,0.002846,0.003444,0.000046,0.002957,5,0.011613,Empty,1,59.420970,0.011613,Empty,1.035228,0.023680,0.021599,Empty,1.021458,0.023997,0.041590,Empty,1.021974,0.023782,0.101590,Empty,1.022589,0.023802
0.200000,44,Vehicle,0.000000,0.812500,0.062500,0.499668,0.002249,0.007931,0.004631,0.000154,0.002848,5,0.017355,Vehicle,1,59.420970,0.017355,Vehicle,1.080839,0.065983,0.027331,Vehicle,1.081890,0.065415,0.047318,Vehicle,1.086382,0.065136,0.107318,Vehicle,1.088674,0.065111
0.200000,45,Cyclist,0.000000,0.812500,0.093750,0.499635,0.003038,0.008792,0.006599,0.000175,0.003613,5,0.023432,Cyclist,1,59.420970,0.023432,Cyclist,1.090319,0.073147,0.033385,Cyclist,1.070700,0.070082,0.053385,Cyclist,1.072145,0.070029,0.113385,Cyclist,1.073306,0.070062
0.200000,46,Cyclist,0.000000,0.875000,0.062500,0.499572,0.002893,0.006323,0.005086,0.000139,0.003363,5,0.201299,Cyclist,1,59.420970,0.201299,Cyclist,1.089227,0.052604,0.211225,Cyclist,1.078671,0.050830,0.231225,Cyclist,1.080284,0.050863,0.291226,Cyclist,1.081787,0.050890
0.200000,47,Pedestrian,0.000000,0.875000,0.062500,0.499648,0.002119,0.006865,0.005089,0.000128,0.002542,5,1.166710,Pedestrian,1,59.420970,1.166710,Pedestrian,1.107180,0.057115,1.194718,Pedestrian,1.086124,0.059110,1.214648,Pedestrian,1.087031,0.058987,1.275071,Pedestrian,1.088230,0.059014
0.200000,48,Empty,0.000000,0.562500,0.072917,0.499365,0.005778,0.013589,0.008979,0.000188,0.005138,5,4.322385,Vehicle,0,59.420970,4.322385,Vehicle,1.146541,0.113061,4.332318,Vehicle,1.149094,0.110041,4.352321,Vehicle,1.150197,0.110081,4.412321,Vehicle,1.150845,0.110023
0.200000,49,Vehicle,0.000000,0.875000,0.125000,0.499660,0.002529,0.006456,0.006303,0.000130,0.002833,5,0.013141,Vehicle,1,59.420970,0.013141,Vehicle,1.125953,0.053712,0.023105,Vehicle,1.110407,0.052473,0.043102,Vehicle,1.112242,0.052351,0.103102,Vehicle,1.113740,0.052345
0.200000,50,Empty,0.000000,0.937500,0.062500,0.499382,0.001065,0.003082,0.002795,0.000051,0.001923,5,0.011386,Empty,1,59.420970,0.011386,Empty,1.011483,0.025641,0.021387,Empty,0.996853,0.025624,0.041381,Empty,0.997145,0.025510,0.101381,Empty,0.997696,0.025511
0.200000,51,Vehicle,0.000000,0.750000,0.083333,0.499693,0.002313,0.010956,0.006712,0.000200,0.002848,5,0.177698,Vehicle,1,59.420970,0.177698,Vehicle,1.097488,0.091157,0.187549,Vehicle,1.083902,0.086911,0.207551,Vehicle,1.085229,0.086908,0.267554,Vehicle,1.086314,0.086961
0.200000,52,Pedestrian,0.000000,0.625000,0.075000,0.499572,0.003240,0.010914,0.004730,0.000160,0.003735,5,0.015565,Pedestrian,1,59.420970,0.015565,Pedestrian,1.098581,0.090807,0.025491,Pedestrian,1.068556,0.090134,0.045502,Pedestrian,1.070433,0.090491,0.105504,Pedestrian,1.071872,0.090555
0.200000,53,Vehicle,0.000000,0.750000,0.062500,0.499656,0.002699,0.013234,0.003202,0.000205,0.003125,5,1.541695,Pedestrian,0,59.420970,1.541695,Pedestrian,1.070366,0.110108,1.553260,Cyclist,1.068245,0.108948,1.571754,Cyclist,1.071575,0.108861,1.633186,Cyclist,1.073825,0.108827
0.200000,54,Empty,0.000000,0.750000,0.062500,0.499376,0.002052,0.002432,0.002882,0.000049,0.002687,5,1.419190,Pedestrian,0,59.420970,1.419190,Pedestrian,1.031839,0.020235,1.442653,Cyclist,1.021121,0.020260,1.460489,Cyclist,1.020247,0.019932,1.519977,Cyclist,1.020676,0.019956
0.200000,55,Cyclist,0.000000,0.812500,0.062500,0.499648,0.002124,0.009660,0.003413,0.000156,0.002830,5,0.015427,Cyclist,1,59.420970,0.015427,Cyclist,1.098336,0.080374,0.025321,Cyclist,1.087267,0.077440,0.045329,Cyclist,1.087721,0.077663,0.105330,Cyclist,1.088544,0.077690
0.200000,56,Vehicle,0.000000,0.875000,0.062500,0.499618,0.002267,0.005839,0.003659,0.000122,0.002858,5,0.012988,Vehicle,1,59.420970,0.012988,Vehicle,1.123364,0.048577,0.022981,Vehicle,1.134367,0.048642,0.042984,Vehicle,1.136915,0.048728,0.102986,Vehicle,1.138339,0.048768
0.200000,57,Cyclist,0.000000,0.937500,0.062500,0.499676,0.001517,0.008726,0.005196,0.000138,0.002043,5,0.012525,Cyclist,1,59.420970,0.012525,Cyclist,1.103761,0.072599,0.022488,Cyclist,1.090597,0.071003,0.042496,Cyclist,1.090726,0.071430,0.102497,Cyclist,1.091394,0.071440
0.200000,58,Pedestrian,0.000000,0.812500,0.093750,0.499618,0.002222,0.006303,0.003605,0.000127,0.003000,5,0.012158,Pedestrian,1,59.420970,0.012158,Pedestrian,1.095686,0.052439,0.022065,Pedestrian,1.054323,0.049899,0.042063,Pedestrian,1.055463,0.049782,0.102063,Pedestrian,1.056681,0.049805
0.200000,59,Pedestrian,0.000000,0.875000,0.062500,0.499591,0.001707,0.007394,0.005426,0.000126,0.002062,5,0.170335,Pedestrian,1,59.420970,0.170335,Pedestrian,1.020719,0.061516,0.180204,Pedestrian,0.994793,0.057537,0.200212,Pedestrian,0.995451,0.057758,0.260214,Pedestrian,0.996533,0.057813
0.200000,60,Pedestrian,0.000000,0.750000,0.062500,0.499582,0.002123,0.007263,0.004611,0.000133,0.002752,5,1.178089,Pedestrian,1,59.420970,1.178089,Pedestrian,1.072795,0.060432,1.193020,Pedestrian,1.053722,0.057291,1.209641,Pedestrian,1.054378,0.058071,1.270226,Pedestrian,1.055501,0.058151
0.200000,61,Vehicle,0.000000,0.812500,0.062500,0.499655,0.002370,0.009213,0.004318,0.000156,0.002984,5,0.026080,Vehicle,1,59.420970,0.026080,Vehicle,1.068015,0.076656,0.035934,Vehicle,1.069008,0.072549,0.055935,Vehicle,1.072118,0.072695,0.115935,Vehicle,1.074374,0.072693
0.200000,62,Pedestrian,0.000000,0.687500,0.078125,0.499558,0.002497,0.005758,0.004942,0.000129,0.002977,5,0.012500,Pedestrian,1,59.420970,0.012500,Pedestrian,1.076938,0.047906,0.022368,Pedestrian,1.049207,0.042596,0.042390,Pedestrian,1.049778,0.043829,0.102391,Pedestrian,1.050996,0.043810
0.200000,63,Pedestrian,0.000000,0.937500,0.062500,0.499671,0.001983,0.006647,0.003342,0.000108,0.002425,5,0.014267,Pedestrian,1,59.420970,0.014267,Pedestrian,1.065505,0.055299,0.024196,Pedestrian,1.034769,0.054074,0.044196,Pedestrian,1.035617,0.054050,0.104196,Pedestrian,1.036937,0.054066
0.200000,64,Cyclist,0.000000,0.750000,0.083333,0.499589,0.002307,0.008120,0.002981,0.000149,0.002962,5,0.012081,Cyclist,1,59.420970,0.012081,Cyclist,1.132254,0.067555,0.022036,Cyclist,1.115690,0.066765,0.042038,Cyclist,1.116524,0.066873,0.102039,Cyclist,1.117503,0.066911
0.200000,65,Pedestrian,0.000000,0.750000,0.125000,0.499591,0.002210,0.005546,0.003012,0.000137,0.002983,5,0.012524,Pedestrian,1,59.420970,0.012524,Pedestrian,1.128668,0.046143,0.022450,Pedestrian,1.091263,0.043647,0.042448,Pedestrian,1.092820,0.043307,0.102448,Pedestrian,1.093810,0.043321
0.200000,66,Vehicle,0.000000,0.625000,0.075000,0.499602,0.002937,0.013356,0.004892,0.000206,0.003276,5,0.041551,Vehicle,1,59.420970,0.041551,Vehicle,1.154075,0.111122,0.051473,Vehicle,1.147620,0.109682,0.071471,Vehicle,1.149229,0.109618,0.131473,Vehicle,1.150375,0.109661
0.200000,67,Pedestrian,0.000000,0.750000,0.125000,0.499567,0.002495,0.005164,0.004131,0.000131,0.003158,5,0.012156,Pedestrian,1,59.420970,0.012156,Pedestrian,1.123682,0.042964,0.022072,Pedestrian,1.090683,0.039229,0.042076,Pedestrian,1.091353,0.039572,0.102076,Pedestrian,1.092405,0.039576
0.200000,68,Pedestrian,0.000000,0.750000,0.083333,0.499608,0.003535,0.006776,0.003322,0.000173,0.003874,5,1.268337,Pedestrian,1,59.420970,1.268337,Pedestrian,1.123048,0.056377,1.304740,Cyclist,1.098758,0.051110,1.324619,Cyclist,1.099256,0.051479,1.384081,Cyclist,1.100162,0.051521
0.200000,69,Pedestrian,0.000000,0.687500,0.078125,0.499401,0.004288,0.013279,0.006046,0.000219,0.004946,5,2.427414,Vehicle,0,59.420970,2.427414,Vehicle,1.142781,0.110479,2.437428,Vehicle,1.145091,0.111634,2.457428,Vehicle,1.146196,0.111623,2.517428,Vehicle,1.146695,0.111608
0.200000,70,Pedestrian,0.000000,0.625000,0.125000,0.499597,0.003238,0.008495,0.004182,0.000171,0.003478,5,0.012737,Pedestrian,1,59.420970,0.012737,Pedestrian,1.120683,0.070677,0.022671,Pedestrian,1.100435,0.067961,0.042671,Pedestrian,1.101560,0.067811,0.102672,Pedestrian,1.102413,0.067794
0.200000,71,Pedestrian,0.000000,0.875000,0.062500,0.499589,0.001596,0.006988,0.005576,0.000133,0.002142,5,0.013005,Pedestrian,1,59.420970,0.013005,Pedestrian,1.055028,0.058144,0.022915,Pedestrian,1.023231,0.054680,0.042926,Pedestrian,1.023439,0.055206,0.102926,Pedestrian,1.024702,0.055223
0.200000,72,Cyclist,0.000000,0.875000,0.062500,0.499643,0.003121,0.010102,0.005635,0.000158,0.003857,5,0.012907,Cyclist,1,59.420970,0.012907,Cyclist,1.127125,0.084047,0.022817,Cyclist,1.118157,0.081920,0.042814,Cyclist,1.118187,0.081810,0.102814,Cyclist,1.118837,0.081822
0.200000,73,Pedestrian,0.000000,0.750000,0.083333,0.499580,0.002474,0.006028,0.006935,0.000125,0.003235,5,0.012353,Pedestrian,1,59.420970,0.012353,Pedestrian,1.102764,0.050154,0.022248,Pedestrian,1.081001,0.047178,0.042252,Pedestrian,1.082243,0.046979,0.102253,Pedestrian,1.083210,0.047024
0.200000,74,Vehicle,0.000000,0.750000,0.083333,0.499697,0.002976,0.012506,0.005056,0.000214,0.003589,5,0.018990,Vehicle,1,59.420970,0.018990,Vehicle,1.119358,0.104052,0.028827,Vehicle,1.110403,0.101491,0.048819,Vehicle,1.112419,0.101451,0.108820,Vehicle,1.113909,0.101460
0.300000,0,Cyclist,0.000000,0.812500,0.062500,0.499599,0.002395,0.008428,0.004558,0.000136,0.002959,5,0.014384,Cyclist,1,59.420970,0.014384,Cyclist,1.073028,0.070125,0.024292,Cyclist,1.055068,0.067035,0.044295,Cyclist,1.056177,0.067237,0.104297,Cyclist,1.057264,0.067303
0.300000,1,Empty,0.000000,0.625000,0.075000,0.499368,0.002795,0.003238,0.002851,0.000035,0.002994,5,0.011672,Empty,1,59.420970,0.011672,Empty,1.024059,0.026940,0.021647,Empty,1.017348,0.026509,0.041639,Empty,1.017397,0.026221,0.101640,Empty,1.017987,0.026245
0.300000,2,Empty,0.000000,0.687500,0.078125,0.499354,0.002400,0.003104,0.004322,0.000040,0.002601,5,0.011618,Empty,1,59.420970,0.011618,Empty,1.039477,0.025822,0.021600,Empty,1.032436,0.025189,0.041598,Empty,1.032683,0.025135,0.101598,Empty,1.033278,0.025144
0.300000,3,Empty,0.000000,0.562500,0.145833,0.499378,0.003089,0.003983,0.002571,0.000061,0.002964,5,0.011643,Empty,1,59.420970,0.011643,Empty,1.054551,0.033137,0.021608,Empty,1.044070,0.032062,0.041609,Empty,1.044365,0.032092,0.101610,Empty,1.044949,0.032105
0.300000,4,Empty,0.000000,0.750000,0.062500,0.499376,0.001768,0.003546,0.001795,0.000063,0.002371,5,1.406872,Pedestrian,0,59.420970,1.406872,Pedestrian,1.034606,0.029507,1.439131,Cyclist,1.023918,0.028974,1.456765,Cyclist,1.023993,0.028900,1.516331,Cyclist,1.024521,0.028962
0.300000,5,Empty,0.000000,0.750000,0.083333,0.499362,0.001834,0.001962,0.002187,0.000040,0.002467,5,1.425098,Cyclist,0,59.420970,1.425098,Cyclist,1.044677,0.016325,1.459703,Cyclist,1.030099,0.015243,1.476838,Cyclist,1.029824,0.014895,1.536814,Cyclist,1.030242,0.014971
0.300000,6,Cyclist,0.000000,0.625000,0.075000,0.499500,0.003039,0.007919,0.005075,0.000121,0.003247,5,0.012948,Cyclist,1,59.420970,0.012948,Cyclist,1.108942,0.065890,0.022797,Cyclist,1.098218,0.060689,0.042797,Cyclist,1.099466,0.060659,0.102799,Cyclist,1.100628,0.060718
0.300000,7,Pedestrian,0.000000,0.875000,0.062500,0.499682,0.002977,0.008271,0.004966,0.000152,0.003052,5,0.014143,Pedestrian,1,59.420970,0.014143,Pedestrian,1.074869,0.068811,0.024080,Pedestrian,1.043849,0.067219,0.044094,Pedestrian,1.045170,0.067682,0.104095,Pedestrian,1.046617,0.067709
0.300000,8,Pedestrian,0.000000,0.875000,0.062500,0.499216,0.003842,0.016113,0.015443,0.000226,0.004419,5,4.347288,Empty,0,59.420970,4.347288,Empty,1.188548,0.134058,4.357249,Empty,1.194278,0.133851,4.377250,Empty,1.195623,0.133858,4.437250,Empty,1.196415,0.133857
0.300000,9,Vehicle,0.000000,0.750000,0.083333,0.499688,0.002738,0.012124,0.003221,0.000206,0.003396,5,0.017362,Vehicle,1,59.420970,0.017362,Vehicle,1.136302,0.100869,0.027266,Vehicle,1.127874,0.098461,0.047275,Vehicle,1.130120,0.098867,0.107276,Vehicle,1.131656,0.098883
0.300000,10,Cyclist,0.000000,0.562500,0.109375,0.499332,0.005169,0.012924,0.007768,0.000230,0.005022,10,1.262984,Cyclist,1,41.145840,1.302926,Pedestrian,1.146055,0.107531,1.262984,Cyclist,1.141892,0.106096,1.282640,Cyclist,1.142970,0.106189,1.342730,Cyclist,1.143667,0.106208
0.300000,11,Empty,0.000000,0.750000,0.083333,0.499336,0.004557,0.019440,0.015298,0.000263,0.005341,5,0.043982,Empty,1,59.420970,0.043982,Empty,1.156772,0.161743,0.053972,Empty,1.158145,0.161956,0.073976,Empty,1.159148,0.162006,0.133976,Empty,1.159734,0.161992
0.300000,12,Vehicle,0.000000,0.562500,0.087500,0.499604,0.003878,0.011583,0.005313,0.000219,0.004028,5,0.024049,Vehicle,1,59.420970,0.024049,Vehicle,1.105049,0.096367,0.033993,Vehicle,1.094189,0.095245,0.053993,Vehicle,1.096694,0.095195,0.113994,Vehicle,1.098364,0.095172
0.300000,13,Pedestrian,0.000000,0.687500,0.078125,0.499558,0.002444,0.007846,0.005262,0.000147,0.002890,5,1.161427,Pedestrian,1,59.420970,1.161427,Pedestrian,1.077770,0.065278,1.189406,Pedestrian,1.052896,0.062428,1.209850,Pedestrian,1.053741,0.062183,1.270522,Pedestrian,1.054852,0.062252
0.300000,14,Vehicle,0.000000,0.500000,0.100000,0.499579,0.003904,0.014620,0.002975,0.000214,0.004041,5,0.015633,Vehicle,1,59.420970,0.015633,Vehicle,1.124017,0.121641,0.025527,Vehicle,1.118218,0.119854,0.045549,Vehicle,1.120866,0.120584,0.105548,Vehicle,1.122472,0.120520
0.300000,15,Empty,0.000000,0.500000,0.083333,0.499318,0.005145,0.012118,0.007202,0.000175,0.003114,5,1.444960,Pedestrian,0,59.420970,1.444960,Pedestrian,1.157595,0.100822,1.476178,Cyclist,1.156780,0.098546,1.497036,Cyclist,1.157815,0.098557,1.557619,Cyclist,1.158398,0.098520
0.300000,16,Vehicle,0.000000,0.625000,0.093750,0.499621,0.003399,0.015371,0.002841,0.000217,0.003841,5,1.573071,Pedestrian,0,59.420970,1.573071,Pedestrian,1.106942,0.127883,1.592013,Cyclist,1.096320,0.127273,1.613300,Cyclist,1.098897,0.127292,1.674612,Cyclist,1.100647,0.127300
0.300000,17,Vehicle,0.000000,0.812500,0.062500,0.499640,0.003505,0.010443,0.005937,0.000183,0.003753,5,0.013839,Vehicle,1,59.420970,0.013839,Vehicle,1.120422,0.086885,0.023782,Vehicle,1.119867,0.087750,0.043781,Vehicle,1.122646,0.087748,0.103782,Vehicle,1.124155,0.087780
0.300000,18,Empty,0.000000,0.625000,0.075000,0.499377,0.002788,0.003844,0.004297,0.000048,0.002760,5,0.011681,Empty,1,59.420970,0.011681,Empty,1.036909,0.031983,0.021637,Empty,1.028740,0.031074,0.041636,Empty,1.028168,0.031107,0.101637,Empty,1.028793,0.031118
0.300000,19,Cyclist,0.000000,0.625000,0.125000,0.499520,0.003037,0.006267,0.003661,0.000127,0.002808,10,1.284855,Cyclist,1,41.145840,1.298042,Cyclist,1.147373,0.052137,1.284855,Cyclist,1.129607,0.048954,1.304400,Cyclist,1.130442,0.049026,1.364771,Cyclist,1.131304,0.049089
0.300000,20,Vehicle,0.000000,0.687500,0.078125,0.499664,0.002728,0.013323,0.003167,0.000211,0.003288,5,0.027353,Vehicle,1,59.420970,0.027353,Vehicle,1.138399,0.110848,0.037268,Vehicle,1.130133,0.108693,0.057275,Vehicle,1.132080,0.108847,0.117276,Vehicle,1.133484,0.108868
0.300000,21,Empty,0.000000,0.562500,0.062500,0.499360,0.002845,0.003092,0.003425,0.000047,0.003010,5,0.011798,Empty,1,59.420970,0.011798,Empty,1.033133,0.025721,0.021736,Empty,1.023947,0.024503,0.041735,Empty,1.023638,0.024558,0.101736,Empty,1.024175,0.024624
0.300000,22,Cyclist,0.000000,0.812500,0.093750,0.499640,0.002071,0.008691,0.006374,0.000161,0.002730,5,0.397114,Cyclist,1,59.420970,0.397114,Cyclist,1.120508,0.072311,0.407052,Cyclist,1.101214,0.070089,0.427048,Cyclist,1.102225,0.069873,0.487049,Cyclist,1.103192,0.069912
0.300000,23,Empty,0.000000,0.875000,0.062500,0.499368,0.001516,0.002951,0.003306,0.000049,0.002172,5,0.011472,Empty,1,59.420970,0.011472,Empty,1.020119,0.024554,0.021472,Empty,1.004103,0.024384,0.041463,Empty,1.004135,0.024217,0.101464,Empty,1.004577,0.024218
0.300000,24,Empty,0.000000,0.687500,0.078125,0.499372,0.002472,0.003635,0.003117,0.000051,0.002845,5,0.011647,Empty,1,59.420970,0.011647,Empty,1.033833,0.030245,0.021664,Empty,1.024730,0.032863,0.041654,Empty,1.024752,0.032396,0.101654,Empty,1.025301,0.032442
0.300000,25,Cyclist,0.000000,0.687500,0.078125,0.499435,0.004026,0.007776,0.020750,0.000178,0.004369,10,1.253354,Cyclist,1,41.145840,1.286193,Cyclist,1.178810,0.064699,1.253354,Cyclist,1.174097,0.063640,1.272628,Cyclist,1.174905,0.063692,1.332523,Cyclist,1.175353,0.063718
0.300000,26,Pedestrian,0.000000,0.562500,0.109375,0.499539,0.003211,0.006552,0.006654,0.000142,0.003226,5,0.012376,Pedestrian,1,59.420970,0.012376,Pedestrian,1.129863,0.054516,0.022328,Pedestrian,1.105093,0.052354,0.042319,Pedestrian,1.106369,0.051929,0.102320,Pedestrian,1.107408,0.051948
0.300000,27,Cyclist,0.000000,0.562500,0.072917,0.499539,0.003217,0.011903,0.004809,0.000159,0.003118,10,1.263052,Pedestrian,0,41.145840,1.298148,Pedestrian,1.119202,0.099036,1.263052,Pedestrian,1.104114,0.096980,1.281375,Pedestrian,1.104934,0.097303,1.341045,Pedestrian,1.105899,0.097432
0.300000,28,Cyclist,0.000000,0.875000,0.062500,0.499676,0.003255,0.009207,0.006616,0.000168,0.004261,5,0.098212,Cyclist,1,59.420970,0.098212,Cyclist,1.044928,0.076602,0.108139,Cyclist,1.026759,0.073994,0.128148,Cyclist,1.027611,0.074332,0.188149,Cyclist,1.028627,0.074387
0.300000,29,Vehicle,0.000000,0.625000,0.075000,0.499608,0.002846,0.009291,0.005088,0.000197,0.003308,5,1.601502,Pedestrian,0,59.420970,1.601502,Pedestrian,1.111493,0.077302,1.631476,Cyclist,1.106639,0.077453,1.653022,Cyclist,1.109476,0.077450,1.714247,Cyclist,1.111270,0.077511
0.300000,30,Empty,0.000000,0.500000,0.125000,0.499354,0.003332,0.004749,0.003485,0.000033,0.002637,5,0.011713,Empty,1,59.420970,0.011713,Empty,1.049935,0.039513,0.021677,Empty,1.041342,0.038630,0.041675,Empty,1.041808,0.038468,0.101675,Empty,1.042388,0.038460
0.300000,31,Empty,0.000000,0.625000,0.093750,0.499370,0.002563,0.003645,0.003520,0.000041,0.002998,5,0.011693,Empty,1,59.420970,0.011693,Empty,1.048363,0.030328,0.021658,Empty,1.038417,0.027787,0.041658,Empty,1.038841,0.027738,0.101658,Empty,1.039398,0.027715
0.300000,32,Empty,0.000000,1.000000,0.000000,0.499378,0.000968,0.001273,0.002087,0.000035,0.001379,5,0.011309,Empty,1,59.420970,0.011309,Empty,0.000000,0.010588,0.021309,Empty,0.000000,0.010588,0.041309,Empty,0.000000,0.010588,0.101309,Empty,0.000000,0.010588
0.300000,33,Cyclist,0.000000,0.687500,0.104167,0.499601,0.002933,0.007689,0.003145,0.000162,0.003099,10,1.245166,Pedestrian,0,41.145840,1.314825,Pedestrian,1.123361,0.063974,1.245166,Pedestrian,1.104454,0.060965,1.263735,Pedestrian,1.104802,0.060800,1.323347,Pedestrian,1.105620,0.060821
0.300000,34,Vehicle,0.000000,0.625000,0.093750,0.499622,0.002839,0.011877,0.003745,0.000210,0.003151,10,1.579861,Cyclist,0,41.145840,1.590671,Pedestrian,1.129035,0.098816,1.579861,Cyclist,1.116092,0.096426,1.600300,Cyclist,1.118613,0.096109,1.660154,Cyclist,1.120256,0.096110
0.300000,35,Empty,0.000000,0.625000,0.093750,0.499373,0.002716,0.002768,0.003201,0.000055,0.002879,5,0.011641,Empty,1,59.420970,0.011641,Empty,1.025385,0.023029,0.021644,Empty,1.020612,0.025041,0.041638,Empty,1.021246,0.024638,0.101639,Empty,1.021881,0.024709
0.300000,36,Empty,0.000000,0.562500,0.109375,0.499366,0.002983,0.003663,0.003655,0.000035,0.002897,5,0.011688,Empty,1,59.420970,0.011688,Empty,1.034700,0.030479,0.021642,Empty,1.024261,0.028422,0.041638,Empty,1.024598,0.028243,0.101639,Empty,1.025264,0.028273
0.300000,37,Cyclist,0.000000,0.562500,0.072917,0.499540,0.003671,0.011761,0.005988,0.000173,0.003421,5,0.017421,Cyclist,1,59.420970,0.017421,Cyclist,1.098755,0.097851,0.027360,Cyclist,1.091286,0.096020,0.047364,Cyclist,1.093680,0.096121,0.107367,Cyclist,1.095369,0.096192
0.300000,38,Empty,0.000000,0.750000,0.083333,0.499383,0.001823,0.003098,0.002753,0.000044,0.002623,5,0.011410,Empty,1,59.420970,0.011410,Empty,1.034048,0.025775,0.021409,Empty,1.026582,0.025360,0.041412,Empty,1.027228,0.025367,0.101413,Empty,1.028055,0.025421
0.300000,39,Empty,0.000000,0.750000,0.062500,0.499366,0.002034,0.002835,0.003382,0.000043,0.002591,5,0.011516,Empty,1,59.420970,0.011516,Empty,1.009762,0.023585,0.021533,Empty,0.999558,0.024342,0.041522,Empty,1.000134,0.024007,0.101523,Empty,1.000663,0.024033
0.300000,40,Vehicle,0.000000,0.687500,0.104167,0.499625,0.003181,0.009851,0.006716,0.000195,0.003642,5,0.012992,Vehicle,1,59.420970,0.012992,Vehicle,1.102640,0.081957,0.022901,Vehicle,1.091482,0.078955,0.042893,Vehicle,1.094267,0.078840,0.102892,Vehicle,1.096062,0.078829
0.300000,41,Empty,0.000000,0.812500,0.093750,0.499363,0.001850,0.002337,0.002385,0.000039,0.002354,5,1.428636,Cyclist,0,59.420970,1.428636,Cyclist,1.056396,0.019440,1.463983,Cyclist,1.042729,0.019890,1.481750,Cyclist,1.042798,0.019717,1.541656,Cyclist,1.043339,0.019764
0.300000,42,Vehicle,0.000000,0.687500,0.104167,0.499635,0.002878,0.009145,0.003281,0.000210,0.003306,5,0.012820,Vehicle,1,59.420970,0.012820,Vehicle,1.135341,0.076083,0.022810,Vehicle,1.126250,0.076833,0.042803,Vehicle,1.128832,0.076736,0.102802,Vehicle,1.130485,0.076716
0.300000,43,Empty,0.000000,0.625000,0.093750,0.499373,0.002792,0.003097,0.003007,0.000047,0.002851,5,1.394749,Pedestrian,0,59.420970,1.394749,Pedestrian,1.054191,0.025770,1.429311,Cyclist,1.044442,0.025713,1.446469,Cyclist,1.043607,0.026474,1.506528,Cyclist,1.044180,0.026520
0.300000,44,Vehicle,0.000000,0.750000,0.062500,0.499650,0.002454,0.007735,0.004180,0.000173,0.002937,5,1.616586,Pedestrian,0,59.420970,1.616586,Pedestrian,1.077443,0.064359,1.623094,Cyclist,1.080439,0.061882,1.645938,Cyclist,1.084062,0.061889,1.706706,Cyclist,1.086073,0.061925
0.300000,45,Cyclist,0.000000,0.750000,0.083333,0.499602,0.002856,0.009758,0.005974,0.000178,0.003448,5,0.023791,Cyclist,1,59.420970,0.023791,Cyclist,1.088176,0.081185,0.033631,Cyclist,1.073999,0.077348,0.053629,Cyclist,1.075522,0.077200,0.113629,Cyclist,1.076748,0.077193
0.300000,46,Cyclist,0.000000,0.625000,0.093750,0.499536,0.004107,0.007633,0.003807,0.000149,0.004421,5,0.201662,Cyclist,1,59.420970,0.201662,Cyclist,1.115048,0.063505,0.211626,Cyclist,1.103915,0.062802,0.231630,Cyclist,1.105697,0.062858,0.291633,Cyclist,1.107033,0.062926
0.300000,47,Pedestrian,0.000000,0.875000,0.062500,0.499653,0.002100,0.005535,0.005138,0.000126,0.002548,5,0.017012,Pedestrian,1,59.420970,0.017012,Pedestrian,1.058079,0.046054,0.026988,Pedestrian,1.048890,0.046007,0.046986,Pedestrian,1.050173,0.045884,0.106985,Pedestrian,1.051332,0.045898
0.300000,48,Empty,0.000000,0.687500,0.078125,0.499404,0.004500,0.015840,0.012573,0.000237,0.004590,5,1.490235,Pedestrian,0,59.420970,1.490235,Pedestrian,1.159387,0.131786,1.507164,Pedestrian,1.162030,0.131620,1.525417,Pedestrian,1.163159,0.131638,1.584383,Pedestrian,1.163816,0.131676
0.300000,49,Vehicle,0.000000,0.687500,0.078125,0.499604,0.003348,0.009617,0.005324,0.000167,0.003728,5,0.013988,Vehicle,1,59.420970,0.013988,Vehicle,1.109141,0.080011,0.023881,Vehicle,1.105585,0.077916,0.043882,Vehicle,1.108323,0.077931,0.103883,Vehicle,1.110081,0.077956
0.300000,50,Empty,0.000000,0.625000,0.075000,0.499362,0.002393,0.002779,0.002992,0.000029,0.002807,5,0.011592,Empty,1,59.420970,0.011592,Empty,1.033310,0.023122,0.021597,Empty,1.023484,0.024775,0.041584,Empty,1.023781,0.024425,0.101585,Empty,1.024382,0.024423
0.300000,51,Vehicle,0.000000,0.750000,0.083333,0.499670,0.002333,0.009515,0.005844,0.000180,0.002927,5,0.177510,Vehicle,1,59.420970,0.177510,Vehicle,1.129853,0.079166,0.187423,Vehicle,1.118778,0.076837,0.207424,Vehicle,1.119760,0.076827,0.267425,Vehicle,1.120878,0.076849
0.300000,52,Pedestrian,0.000000,0.687500,0.078125,0.499594,0.002900,0.010210,0.004485,0.000160,0.003447,5,1.155281,Pedestrian,1,59.420970,1.155281,Pedestrian,1.115755,0.084948,1.185197,Pedestrian,1.087180,0.082903,1.200279,Pedestrian,1.088133,0.083295,1.260083,Pedestrian,1.089207,0.083345
0.300000,53,Vehicle,0.000000,0.750000,0.083333,0.499662,0.002770,0.009795,0.002683,0.000197,0.003277,5,0.013736,Vehicle,1,59.420970,0.013736,Vehicle,1.108418,0.081491,0.023705,Vehicle,1.100933,0.080336,0.043702,Vehicle,1.104063,0.080253,0.103701,Vehicle,1.106048,0.080241
0.300000,54,Empty,0.000000,0.625000,0.125000,0.499379,0.002758,0.003191,0.002666,0.000045,0.003047,5,1.419195,Pedestrian,0,59.420970,1.419195,Pedestrian,1.051917,0.026553,1.442645,Cyclist,1.042315,0.024739,1.460488,Cyclist,1.042455,0.024893,1.519977,Cyclist,1.043016,0.024913
0.300000,55,Cyclist,0.000000,0.625000,0.093750,0.499577,0.002929,0.008585,0.005815,0.000192,0.003422,10,1.265891,Cyclist,1,41.145840,1.309524,Pedestrian,1.115718,0.071431,1.265891,Cyclist,1.097037,0.065707,1.286060,Cyclist,1.097329,0.065605,1.346138,Cyclist,1.098135,0.065662
0.300000,56,Vehicle,0.000000,0.625000,0.093750,0.499537,0.003171,0.008679,0.003393,0.000152,0.003340,5,0.013544,Vehicle,1,59.420970,0.013544,Vehicle,1.110573,0.072206,0.023497,Vehicle,1.105697,0.070816,0.043496,Vehicle,1.108481,0.070676,0.103498,Vehicle,1.110269,0.070718
0.300000,57,Cyclist,0.000000,0.875000,0.125000,0.499634,0.001675,0.010009,0.005344,0.000168,0.002301,10,1.258452,Cyclist,1,41.145840,1.290341,Pedestrian,1.158493,0.083277,1.258452,Cyclist,1.136050,0.082157,1.278058,Cyclist,1.136065,0.082240,1.338448,Cyclist,1.136771,0.082261
0.300000,58,Pedestrian,0.000000,0.625000,0.075000,0.499553,0.002754,0.008168,0.006557,0.000147,0.003199,5,0.012591,Pedestrian,1,59.420970,0.012591,Pedestrian,1.080981,0.067957,0.022402,Pedestrian,1.055878,0.061080,0.042412,Pedestrian,1.057028,0.061446,0.102414,Pedestrian,1.058195,0.061536
0.300000,59,Pedestrian,0.000000,0.750000,0.083333,0.499568,0.002266,0.007961,0.004480,0.000143,0.002521,5,0.170395,Pedestrian,1,59.420970,0.170395,Pedestrian,1.093730,0.066238,0.180265,Pedestrian,1.069479,0.060725,0.200275,Pedestrian,1.070890,0.061151,0.260276,Pedestrian,1.072292,0.061205
0.300000,60,Pedestrian,0.000000,0.687500,0.104167,0.499572,0.002762,0.006796,0.005411,0.000144,0.003183,5,0.012701,Pedestrian,1,59.420970,0.012701,Pedestrian,1.092858,0.056543,0.022615,Pedestrian,1.059832,0.054498,0.042613,Pedestrian,1.060579,0.054184,0.102614,Pedestrian,1.061697,0.054192
0.300000,61,Vehicle,0.000000,0.437500,0.093750,0.499520,0.004013,0.012488,0.005228,0.000178,0.003794,5,0.026936,Vehicle,1,59.420970,0.026936,Vehicle,1.125434,0.103904,0.036869,Vehicle,1.117801,0.104200,0.056862,Vehicle,1.120460,0.103913,0.116863,Vehicle,1.122152,0.103931
0.300000,62,Pedestrian,0.000000,0.750000,0.125000,0.499579,0.002351,0.006209,0.003265,0.000132,0.002974,5,0.012456,Pedestrian,1,59.420970,0.012456,Pedestrian,1.099576,0.051656,0.022389,Pedestrian,1.072258,0.049015,0.042390,Pedestrian,1.073323,0.049012,0.102391,Pedestrian,1.074377,0.049061
0.300000,63,Pedestrian,0.000000,0.812500,0.093750,0.499640,0.002616,0.007244,0.003962,0.000152,0.003140,5,1.234848,Pedestrian,1,59.420970,1.234848,Pedestrian,1.126435,0.060270,1.265334,Pedestrian,1.109743,0.058772,1.284807,Pedestrian,1.110314,0.058853,1.344605,Pedestrian,1.111235,0.058892
0.300000,64,Cyclist,0.000000,0.625000,0.075000,0.499542,0.003018,0.010269,0.003913,0.000158,0.003093,10,1.230692,Cyclist,1,41.145840,1.277933,Pedestrian,1.136405,0.085436,1.230692,Cyclist,1.122711,0.080636,1.249828,Cyclist,1.123227,0.080512,1.309772,Cyclist,1.124069,0.080580
0.300000,65,Pedestrian,0.000000,0.437500,0.187500,0.499490,0.003925,0.009092,0.006036,0.000136,0.003686,5,0.012950,Pedestrian,1,59.420970,0.012950,Pedestrian,1.162711,0.075647,0.022904,Pedestrian,1.140367,0.072469,0.042903,Pedestrian,1.141481,0.072353,0.102904,Pedestrian,1.142368,0.072362
0.300000,66,Vehicle,0.000000,0.750000,0.125000,0.499663,0.002760,0.010625,0.004417,0.000206,0.003318,5,0.040827,Vehicle,1,59.420970,0.040827,Vehicle,1.163818,0.088398,0.050698,Vehicle,1.140813,0.084146,0.070700,Vehicle,1.141578,0.084230,0.130701,Vehicle,1.142417,0.084263
0.300000,67,Pedestrian,0.000000,0.625000,0.125000,0.499572,0.003100,0.006971,0.004119,0.000148,0.003370,5,0.012459,Pedestrian,1,59.420970,0.012459,Pedestrian,1.113290,0.057995,0.022417,Pedestrian,1.090730,0.056633,0.042412,Pedestrian,1.091751,0.056337,0.102412,Pedestrian,1.092650,0.056305
0.300000,68,Pedestrian,0.000000,0.750000,0.125000,0.499605,0.003586,0.006124,0.004311,0.000161,0.003852,5,1.187268,Pedestrian,1,59.420970,1.187268,Pedestrian,1.126701,0.050949,1.225678,Cyclist,1.102267,0.050174,1.248039,Cyclist,1.103021,0.050193,1.308564,Cyclist,1.104029,0.050228
0.300000,69,Pedestrian,0.000000,0.875000,0.062500,0.499384,0.004286,0.013263,0.007539,0.000262,0.005293,5,2.428225,Vehicle,0,59.420970,2.428225,Vehicle,1.139045,0.110345,2.438229,Vehicle,1.141377,0.111431,2.458230,Vehicle,1.142573,0.111353,2.518230,Vehicle,1.143265,0.111336
0.300000,70,Pedestrian,0.000000,0.812500,0.093750,0.499628,0.002377,0.006744,0.004492,0.000147,0.003009,5,0.012665,Pedestrian,1,59.420970,0.012665,Pedestrian,1.109495,0.056112,0.022572,Pedestrian,1.082143,0.053590,0.042568,Pedestrian,1.083500,0.053390,0.102568,Pedestrian,1.084635,0.053407
0.300000,71,Pedestrian,0.000000,0.750000,0.083333,0.499555,0.002105,0.005024,0.006640,0.000133,0.002517,5,1.154911,Pedestrian,1,59.420970,1.154911,Pedestrian,1.100143,0.041797,1.196587,Pedestrian,1.082905,0.040582,1.214504,Pedestrian,1.083080,0.040402,1.274882,Pedestrian,1.083990,0.040459
0.300000,72,Cyclist,0.000000,0.812500,0.187500,0.499605,0.003062,0.007938,0.005224,0.000158,0.003909,5,0.012138,Cyclist,1,59.420970,0.012138,Cyclist,1.175531,0.066046,0.022109,Cyclist,1.152180,0.064381,0.042109,Cyclist,1.152762,0.064324,0.102109,Cyclist,1.153542,0.064330
0.300000,73,Pedestrian,0.000000,0.687500,0.078125,0.499559,0.002555,0.006754,0.005754,0.000133,0.003119,5,1.167196,Pedestrian,1,59.420970,1.167196,Pedestrian,1.108750,0.056195,1.185829,Pedestrian,1.079747,0.053973,1.201333,Pedestrian,1.080444,0.054469,1.261809,Pedestrian,1.081538,0.054511
0.300000,74,Vehicle,0.000000,0.687500,0.078125,0.499621,0.003048,0.014087,0.006617,0.000229,0.003521,5,0.019532,Vehicle,1,59.420970,0.019532,Vehicle,1.092273,0.117208,0.029361,Vehicle,1.080651,0.112934,0.049372,Vehicle,1.083084,0.113339,0.109375,Vehicle,1.084658,0.113392
0.400000,0,Cyclist,0.000000,0.562500,0.218750,0.499528,0.003634,0.008669,0.002505,0.000149,0.003889,5,0.014258,Cyclist,1,59.420970,0.014258,Cyclist,1.168801,0.072127,0.024198,Cyclist,1.147031,0.070998,0.044198,Cyclist,1.147646,0.070954,0.104199,Cyclist,1.148337,0.070988
0.400000,1,Empty,0.000000,0.437500,0.112500,0.499373,0.003703,0.003935,0.003154,0.000031,0.002871,5,1.432293,Pedestrian,0,59.420970,1.432293,Pedestrian,1.054153,0.032738,1.466661,Pedestrian,1.048213,0.029680,1.485274,Pedestrian,1.048425,0.029929,1.545060,Pedestrian,1.048999,0.029974
0.400000,2,Empty,0.000000,0.750000,0.062500,0.499360,0.002009,0.003084,0.004731,0.000044,0.002484,5,0.011619,Empty,1,59.420970,0.011619,Empty,1.024120,0.025662,0.021630,Empty,1.014939,0.026602,0.041619,Empty,1.014130,0.026611,0.101619,Empty,1.014614,0.026642
0.400000,3,Empty,0.000000,0.500000,0.071429,0.499367,0.003353,0.003585,0.004318,0.000035,0.002811,5,1.428107,Cyclist,0,59.420970,1.428107,Cyclist,1.041967,0.029824,1.469032,Cyclist,1.034805,0.027961,1.487575,Cyclist,1.034842,0.028018,1.547651,Cyclist,1.035413,0.028079
0.400000,4,Empty,0.000000,0.687500,0.062500,0.499370,0.002439,0.003916,0.003632,0.000065,0.002804,5,0.011698,Empty,1,59.420970,0.011698,Empty,1.028718,0.032582,0.021676,Empty,1.019275,0.032100,0.041670,Empty,1.019646,0.031928,0.101670,Empty,1.020156,0.031937
0.400000,5,Empty,0.000000,0.750000,0.062500,0.499371,0.002284,0.002439,0.003191,0.000044,0.002809,5,0.011554,Empty,1,59.420970,0.011554,Empty,1.026058,0.020296,0.021549,Empty,1.015098,0.019901,0.041540,Empty,1.015038,0.019746,0.101541,Empty,1.015506,0.019752
0.400000,6,Cyclist,0.000000,0.687500,0.104167,0.499548,0.003122,0.009317,0.005283,0.000161,0.003513,5,0.013328,Cyclist,1,59.420970,0.013328,Cyclist,1.118570,0.077515,0.023211,Cyclist,1.095669,0.073856,0.043213,Cyclist,1.096694,0.073710,0.103213,Cyclist,1.097764,0.073736
0.400000,7,Pedestrian,0.000000,0.750000,0.083333,0.499647,0.003342,0.007406,0.003165,0.000192,0.003842,5,1.256891,Pedestrian,1,59.420970,1.256891,Pedestrian,1.119761,0.061616,1.289187,Cyclist,1.097356,0.056584,1.308887,Cyclist,1.098074,0.057241,1.368487,Cyclist,1.099044,0.057287
0.400000,8,Pedestrian,0.000000,0.562500,0.072917,0.499292,0.005082,0.014092,0.010326,0.000178,0.005114,5,4.346967,Empty,0,59.420970,4.346967,Empty,1.140621,0.117243,4.356845,Empty,1.144529,0.113860,4.376848,Empty,1.145319,0.113896,4.436846,Empty,1.145823,0.113840
0.400000,9,Vehicle,0.000000,0.375000,0.156250,0.499561,0.004388,0.013506,0.003258,0.000242,0.003873,5,0.018070,Vehicle,1,59.420970,0.018070,Vehicle,1.147957,0.112368,0.028017,Vehicle,1.130319,0.111659,0.048010,Vehicle,1.131734,0.111534,0.108010,Vehicle,1.132801,0.111515
0.400000,10,Cyclist,0.000000,0.687500,0.104167,0.499270,0.005642,0.017908,0.007396,0.000322,0.005551,5,0.138018,Cyclist,1,59.420970,0.138018,Cyclist,1.147866,0.148995,0.147971,Cyclist,1.150918,0.147814,0.167974,Cyclist,1.151700,0.147865,0.227975,Cyclist,1.152193,0.147868
0.400000,11,Empty,0.000000,0.687500,0.078125,0.499288,0.006300,0.025385,0.015017,0.000302,0.006820,5,1.447489,Cyclist,0,59.420970,1.447489,Cyclist,1.128002,0.211204,1.460532,Cyclist,1.132420,0.208491,1.481106,Cyclist,1.133209,0.208595,1.541567,Cyclist,1.133737,0.208621
0.400000,12,Vehicle,0.000000,0.687500,0.104167,0.499662,0.003558,0.009282,0.003033,0.000196,0.003979,5,0.023310,Vehicle,1,59.420970,0.023310,Vehicle,1.122733,0.077227,0.033253,Vehicle,1.115222,0.077252,0.053248,Vehicle,1.117794,0.076902,0.113248,Vehicle,1.119492,0.076932
0.400000,13,Pedestrian,0.000000,0.250000,0.187500,0.499460,0.004608,0.009175,0.003614,0.000130,0.003056,5,0.012575,Pedestrian,1,59.420970,0.012575,Pedestrian,1.153635,0.076334,0.022551,Pedestrian,1.132717,0.075013,0.042549,Pedestrian,1.133751,0.074846,0.102549,Pedestrian,1.134610,0.074808
0.400000,14,Vehicle,0.000000,0.875000,0.125000,0.499741,0.002715,0.006208,0.004085,0.000151,0.003074,5,0.013513,Vehicle,1,59.420970,0.013513,Vehicle,1.137667,0.051649,0.023458,Vehicle,1.118238,0.050263,0.043454,Vehicle,1.120500,0.050102,0.103454,Vehicle,1.122245,0.050097
0.400000,15,Empty,0.000000,0.500000,0.083333,0.499354,0.005044,0.017285,0.013092,0.000256,0.004012,5,1.456933,Cyclist,0,59.420970,1.456933,Cyclist,1.144801,0.143811,1.501131,Cyclist,1.148829,0.142720,1.521672,Cyclist,1.149674,0.142788,1.581969,Cyclist,1.150198,0.142778
0.400000,16,Vehicle,0.000000,0.687500,0.156250,0.499618,0.002952,0.009890,0.003971,0.000191,0.003552,5,1.581468,Pedestrian,0,59.420970,1.581468,Pedestrian,1.146270,0.082282,1.588104,Cyclist,1.135038,0.081341,1.608118,Cyclist,1.136880,0.081166,1.667813,Cyclist,1.138169,0.081182
0.400000,17,Vehicle,0.000000,0.750000,0.083333,0.499610,0.003280,0.008914,0.007216,0.000189,0.003719,5,0.013120,Vehicle,1,59.420970,0.013120,Vehicle,1.118268,0.074163,0.023040,Vehicle,1.108229,0.073521,0.043042,Vehicle,1.110337,0.073524,0.103042,Vehicle,1.111829,0.073563
0.400000,18,Empty,0.000000,0.500000,0.125000,0.499370,0.003287,0.003605,0.003090,0.000044,0.002815,5,1.426490,Cyclist,0,59.420970,1.426490,Cyclist,1.057554,0.029990,1.465290,Cyclist,1.047351,0.028319,1.483891,Cyclist,1.047741,0.028517,1.543940,Cyclist,1.048339,0.028570
0.400000,19,Cyclist,0.000000,0.625000,0.093750,0.499478,0.003067,0.009948,0.003575,0.000179,0.003249,10,1.248878,Pedestrian,0,41.145840,1.295726,Pedestrian,1.139054,0.082769,1.248878,Pedestrian,1.124420,0.081603,1.267364,Pedestrian,1.125491,0.081612,1.327108,Pedestrian,1.126544,0.081649
0.400000,20,Vehicle,0.000000,0.500000,0.125000,0.499582,0.003375,0.011400,0.004217,0.000213,0.003419,5,0.026830,Vehicle,1,59.420970,0.026830,Vehicle,1.135119,0.094852,0.036694,Vehicle,1.121630,0.092000,0.056687,Vehicle,1.122965,0.091853,0.116688,Vehicle,1.124032,0.091899
0.400000,21,Empty,0.000000,0.750000,0.083333,0.499380,0.002110,0.002165,0.002696,0.000048,0.002727,5,0.011548,Empty,1,59.420970,0.011548,Empty,1.040371,0.018010,0.021541,Empty,1.029845,0.019243,0.041535,Empty,1.029632,0.018799,0.101535,Empty,1.030216,0.018836
0.400000,22,Cyclist,0.000000,0.562500,0.145833,0.499552,0.003217,0.011198,0.005176,0.000172,0.003126,5,0.397777,Cyclist,1,59.420970,0.397777,Cyclist,1.154594,0.093166,0.407706,Cyclist,1.138675,0.089933,0.427705,Cyclist,1.139224,0.089740,0.487706,Cyclist,1.139892,0.089775
0.400000,23,Empty,0.000000,0.437500,0.140625,0.499359,0.003333,0.004936,0.002923,0.000030,0.002819,5,0.011694,Empty,1,59.420970,0.011694,Empty,1.061148,0.041065,0.021631,Empty,1.052510,0.037873,0.041631,Empty,1.052986,0.037824,0.101631,Empty,1.053550,0.037811
0.400000,24,Empty,0.000000,0.687500,0.078125,0.499372,0.002497,0.004020,0.002906,0.000048,0.002923,5,1.416827,Pedestrian,0,59.420970,1.416827,Pedestrian,1.038160,0.033443,1.450623,Cyclist,1.037615,0.032019,1.469210,Cyclist,1.036627,0.032224,1.529128,Cyclist,1.037194,0.032244
0.400000,25,Cyclist,0.000000,0.562500,0.072917,0.499436,0.005296,0.008274,0.014366,0.000178,0.004269,10,1.325519,Pedestrian,0,41.145840,1.332152,Pedestrian,1.163513,0.068843,1.325519,Pedestrian,1.164572,0.070934,1.344350,Pedestrian,1.165307,0.070884,1.403718,Pedestrian,1.165750,0.070896
0.400000,26,Pedestrian,0.000000,0.687500,0.104167,0.499584,0.002686,0.007867,0.003514,0.000148,0.003164,5,0.012609,Pedestrian,1,59.420970,0.012609,Pedestrian,1.123464,0.065452,0.022584,Pedestrian,1.092841,0.064982,0.042581,Pedestrian,1.093666,0.064542,0.102581,Pedestrian,1.094552,0.064533
0.400000,27,Cyclist,0.000000,0.750000,0.062500,0.499597,0.002204,0.008492,0.004268,0.000147,0.002671,5,0.013140,Cyclist,1,59.420970,0.013140,Cyclist,1.099901,0.070657,0.022953,Cyclist,1.083791,0.064114,0.042954,Cyclist,1.084975,0.064248,0.102956,Cyclist,1.086174,0.064313
0.400000,28,Cyclist,0.000000,0.687500,0.062500,0.499629,0.003945,0.013230,0.008305,0.000218,0.004670,10,1.253609,Pedestrian,0,41.145840,1.304620,Pedestrian,1.106669,0.110070,1.253609,Pedestrian,1.094653,0.104202,1.273560,Pedestrian,1.095619,0.104286,1.333540,Pedestrian,1.096620,0.104360
0.400000,29,Vehicle,0.000000,0.500000,0.100000,0.499575,0.003387,0.013454,0.003239,0.000204,0.003443,5,1.605746,Pedestrian,0,59.420970,1.605746,Pedestrian,1.131105,0.111935,1.635291,Cyclist,1.120531,0.112198,1.656631,Cyclist,1.123014,0.112230,1.717891,Cyclist,1.124581,0.112224
0.400000,30,Empty,0.000000,0.625000,0.075000,0.499356,0.003087,0.003911,0.003665,0.000045,0.002889,5,1.416702,Cyclist,0,59.420970,1.416702,Cyclist,1.040818,0.032537,1.452535,Cyclist,1.033456,0.032458,1.471146,Cyclist,1.033534,0.032425,1.531304,Cyclist,1.034100,0.032502
0.400000,31,Empty,0.000000,0.625000,0.093750,0.499377,0.002411,0.003210,0.002541,0.000039,0.002876,5,1.397113,Pedestrian,0,59.420970,1.397113,Pedestrian,1.035942,0.026711,1.421553,Cyclist,1.023322,0.026701,1.440247,Cyclist,1.023311,0.026643,1.499837,Cyclist,1.023867,0.026630
0.400000,32,Empty,0.000000,0.562500,0.062500,0.499366,0.003144,0.003125,0.004852,0.000024,0.002945,5,1.407558,Pedestrian,0,59.420970,1.407558,Pedestrian,1.038784,0.025998,1.440848,Cyclist,1.033895,0.023865,1.458303,Cyclist,1.033404,0.023879,1.518329,Cyclist,1.033957,0.023891
0.400000,33,Cyclist,0.000000,0.750000,0.083333,0.499606,0.002640,0.008627,0.003085,0.000153,0.003206,5,0.018176,Cyclist,1,59.420970,0.018176,Cyclist,1.120236,0.071775,0.028032,Cyclist,1.097464,0.067462,0.048044,Cyclist,1.098020,0.067843,0.108044,Cyclist,1.099032,0.067839
0.400000,34,Vehicle,0.000000,0.562500,0.109375,0.499589,0.003326,0.010762,0.004235,0.000194,0.003402,5,4.852888,Cyclist,0,59.420970,4.852888,Cyclist,1.130742,0.089541,4.862885,Cyclist,1.119507,0.089395,4.882884,Cyclist,1.122308,0.089347,4.942884,Cyclist,1.123996,0.089346
0.400000,35,Empty,0.000000,0.687500,0.078125,0.499356,0.002362,0.002986,0.002705,0.000045,0.002738,5,0.011701,Empty,1,59.420970,0.011701,Empty,1.025990,0.024845,0.021710,Empty,1.015814,0.025225,0.041699,Empty,1.016471,0.024905,0.101699,Empty,1.017084,0.024960
0.400000,36,Empty,0.000000,0.562500,0.109375,0.499366,0.002756,0.002710,0.002591,0.000030,0.002996,5,0.011596,Empty,1,59.420970,0.011596,Empty,1.044228,0.022545,0.021564,Empty,1.033449,0.022284,0.041557,Empty,1.033519,0.021925,0.101558,Empty,1.034079,0.021929
0.400000,37,Cyclist,0.000000,0.562500,0.087500,0.499533,0.003446,0.011834,0.003968,0.000170,0.003431,10,1.253817,Cyclist,1,41.145840,1.291696,Pedestrian,1.130404,0.098463,1.253817,Cyclist,1.115301,0.095357,1.273425,Cyclist,1.117354,0.095335,1.333575,Cyclist,1.118912,0.095382
0.400000,38,Empty,0.000000,0.562500,0.087500,0.499380,0.003225,0.002785,0.003350,0.000048,0.003150,5,1.421363,Cyclist,0,59.420970,1.421363,Cyclist,1.039642,0.023171,1.459288,Cyclist,1.030637,0.021702,1.477902,Cyclist,1.030369,0.021665,1.538076,Cyclist,1.030962,0.021690
0.400000,39,Empty,0.000000,0.812500,0.062500,0.499363,0.001775,0.002700,0.003004,0.000043,0.002405,5,0.011468,Empty,1,59.420970,0.011468,Empty,1.009489,0.022466,0.021477,Empty,1.008114,0.022934,0.041472,Empty,1.008573,0.022742,0.101473,Empty,1.009059,0.022775
0.400000,40,Vehicle,0.000000,0.437500,0.140625,0.499532,0.003990,0.011882,0.004933,0.000200,0.003788,5,0.013540,Vehicle,1,59.420970,0.013540,Vehicle,1.142216,0.098855,0.023495,Vehicle,1.131674,0.096973,0.043503,Vehicle,1.133899,0.097204,0.103502,Vehicle,1.135275,0.097215
0.400000,41,Empty,0.000000,0.562500,0.145833,0.499361,0.002847,0.003369,0.003060,0.000022,0.002936,5,0.011496,Empty,1,59.420970,0.011496,Empty,1.063800,0.028032,0.021485,Empty,1.051572,0.027282,0.041483,Empty,1.052010,0.027277,0.101482,Empty,1.052531,0.027256
0.400000,42,Vehicle,0.000000,0.750000,0.083333,0.499621,0.002429,0.011939,0.004238,0.000194,0.002876,10,1.582427,Cyclist,0,41.145840,1.596979,Pedestrian,1.110820,0.099333,1.582427,Cyclist,1.100391,0.096888,1.602572,Cyclist,1.103066,0.096567,1.662537,Cyclist,1.104843,0.096567
0.400000,43,Empty,0.000000,0.500000,0.100000,0.499369,0.003456,0.003579,0.004155,0.000037,0.002870,5,1.425422,Cyclist,0,59.420970,1.425422,Cyclist,1.035416,0.029778,1.464864,Cyclist,1.025006,0.028718,1.483680,Cyclist,1.025280,0.028768,1.543810,Cyclist,1.025908,0.028799
0.400000,44,Vehicle,0.000000,0.250000,0.187500,0.499471,0.004781,0.010783,0.003096,0.000156,0.003171,5,0.017677,Vehicle,1,59.420970,0.017677,Vehicle,1.147382,0.089712,0.027714,Vehicle,1.134578,0.091872,0.047710,Vehicle,1.136667,0.091715,0.107709,Vehicle,1.137998,0.091648
0.400000,45,Cyclist,0.000000,0.562500,0.109375,0.499522,0.003909,0.008420,0.007946,0.000158,0.003963,5,0.023580,Cyclist,1,59.420970,0.023580,Cyclist,1.123982,0.070052,0.033428,Cyclist,1.110361,0.065447,0.053429,Cyclist,1.111714,0.065462,0.113430,Cyclist,1.112815,0.065527
0.400000,46,Cyclist,0.000000,0.812500,0.093750,0.499592,0.003502,0.006371,0.004235,0.000148,0.003793,5,0.201297,Cyclist,1,59.420970,0.201297,Cyclist,1.093664,0.053009,0.211250,Cyclist,1.076895,0.051626,0.231250,Cyclist,1.078227,0.051577,0.291251,Cyclist,1.079492,0.051604
0.400000,47,Pedestrian,0.000000,0.750000,0.083333,0.499604,0.002553,0.010239,0.006027,0.000153,0.003054,5,0.017796,Pedestrian,1,59.420970,0.017796,Pedestrian,1.089552,0.085192,0.027725,Pedestrian,1.058250,0.082841,0.047731,Pedestrian,1.059774,0.083045,0.107733,Pedestrian,1.061197,0.083093
0.400000,48,Empty,0.000000,0.687500,0.104167,0.499451,0.005002,0.018133,0.011854,0.000257,0.005023,5,4.323656,Vehicle,0,59.420970,4.323656,Vehicle,1.161439,0.150867,4.333629,Vehicle,1.163777,0.150549,4.353626,Vehicle,1.164581,0.150501,4.413625,Vehicle,1.165057,0.150473
0.400000,49,Vehicle,0.000000,0.375000,0.156250,0.499514,0.004451,0.011444,0.005234,0.000188,0.003851,5,0.014426,Vehicle,1,59.420970,0.014426,Vehicle,1.148615,0.095215,0.024383,Vehicle,1.135205,0.094825,0.044376,Vehicle,1.137185,0.094608,0.104375,Vehicle,1.138535,0.094537
0.400000,50,Empty,0.000000,0.687500,0.078125,0.499377,0.002404,0.003727,0.003638,0.000052,0.002825,5,0.011662,Empty,1,59.420970,0.011662,Empty,1.032295,0.031006,0.021653,Empty,1.022533,0.030982,0.041649,Empty,1.022582,0.030882,0.101650,Empty,1.023231,0.030904
0.400000,51,Vehicle,0.000000,0.687500,0.078125,0.499662,0.002660,0.012440,0.006124,0.000208,0.003165,5,0.177861,Vehicle,1,59.420970,0.177861,Vehicle,1.121345,0.103498,0.187711,Vehicle,1.112113,0.099330,0.207716,Vehicle,1.113483,0.099488,0.267716,Vehicle,1.114628,0.099508
0.400000,52,Pedestrian,0.000000,0.625000,0.125000,0.499590,0.003093,0.007650,0.004134,0.000170,0.003666,5,0.014884,Pedestrian,1,59.420970,0.014884,Pedestrian,1.144692,0.063647,0.024806,Pedestrian,1.116306,0.062076,0.044808,Pedestrian,1.117381,0.062051,0.104808,Pedestrian,1.118387,0.062076
0.400000,53,Vehicle,0.000000,0.687500,0.078125,0.499645,0.003043,0.011563,0.002471,0.000208,0.003428,5,1.544622,Pedestrian,0,59.420970,1.544622,Pedestrian,1.103564,0.096208,1.551701,Cyclist,1.095055,0.097790,1.569207,Cyclist,1.097810,0.097814,1.630608,Cyclist,1.099732,0.097817
0.400000,54,Empty,0.000000,0.562500,0.109375,0.499378,0.003084,0.003162,0.003059,0.000047,0.003022,5,0.011701,Empty,1,59.420970,0.011701,Empty,1.050546,0.026307,0.021676,Empty,1.041015,0.026137,0.041675,Empty,1.041324,0.026130,0.101676,Empty,1.041837,0.026149
0.400000,55,Cyclist,0.000000,0.625000,0.075000,0.499587,0.002923,0.013596,0.006407,0.000193,0.003401,10,1.242518,Cyclist,1,41.145840,1.297369,Pedestrian,1.111986,0.113116,1.242518,Cyclist,1.094770,0.110556,1.261565,Cyclist,1.095148,0.110686,1.321555,Cyclist,1.095952,0.110759
0.400000,56,Vehicle,0.000000,0.812500,0.062500,0.499593,0.002415,0.006313,0.004809,0.000149,0.003015,10,1.585347,Cyclist,0,41.145840,1.592948,Pedestrian,1.104068,0.052524,1.585347,Cyclist,1.109489,0.051371,1.604956,Cyclist,1.112581,0.051590,1.665428,Cyclist,1.114516,0.051594
0.400000,57,Cyclist,0.000000,0.625000,0.125000,0.499563,0.002906,0.011517,0.003656,0.000198,0.003157,10,1.285723,Cyclist,1,41.145840,1.333397,Pedestrian,1.154317,0.095821,1.285723,Cyclist,1.131026,0.092003,1.304737,Cyclist,1.131401,0.092383,1.364444,Cyclist,1.131961,0.092456
0.400000,58,Pedestrian,0.000000,0.500000,0.125000,0.499522,0.003409,0.008534,0.007872,0.000139,0.003288,5,0.012494,Pedestrian,1,59.420970,0.012494,Pedestrian,1.156457,0.071000,0.022444,Pedestrian,1.137500,0.070189,0.042444,Pedestrian,1.138615,0.070186,0.102446,Pedestrian,1.139533,0.070228
0.400000,59,Pedestrian,0.000000,0.562500,0.109375,0.499506,0.003408,0.008693,0.004230,0.000145,0.002482,5,1.251023,Pedestrian,1,59.420970,1.251023,Pedestrian,1.108787,0.072323,1.273158,Cyclist,1.085947,0.065372,1.292457,Cyclist,1.086472,0.065973,1.352144,Pedestrian,1.087395,0.065973
0.400000,60,Pedestrian,0.000000,0.625000,0.075000,0.499546,0.003088,0.008335,0.006640,0.000141,0.003308,5,0.013032,Pedestrian,1,59.420970,0.013032,Pedestrian,1.086820,0.069346,0.022918,Pedestrian,1.059135,0.066999,0.042926,Pedestrian,1.060008,0.067228,0.102928,Pedestrian,1.061294,0.067266
0.400000,61,Vehicle,0.000000,0.687500,0.078125,0.499605,0.002953,0.011550,0.004469,0.000178,0.003537,5,0.026539,Vehicle,1,59.420970,0.026539,Vehicle,1.079945,0.096096,0.036370,Vehicle,1.076199,0.091732,0.056370,Vehicle,1.079020,0.091849,0.116370,Vehicle,1.081120,0.091824
0.400000,62,Pedestrian,0.000000,0.625000,0.075000,0.499525,0.002746,0.007894,0.005979,0.000120,0.003134,5,1.153669,Pedestrian,1,59.420970,1.153669,Pedestrian,1.093892,0.065679,1.188751,Pedestrian,1.070090,0.062209,1.209254,Pedestrian,1.071328,0.062736,1.269852,Pedestrian,1.072541,0.062777
0.400000,63,Pedestrian,0.000000,0.750000,0.062500,0.499605,0.002583,0.008599,0.007152,0.000134,0.003029,5,0.014806,Pedestrian,1,59.420970,0.014806,Pedestrian,1.086882,0.071543,0.024755,Pedestrian,1.070404,0.071832,0.044762,Pedestrian,1.071876,0.072031,0.104764,Pedestrian,1.073194,0.072101
0.400000,64,Cyclist,0.000000,0.562500,0.109375,0.499533,0.003387,0.008059,0.003261,0.000160,0.003509,5,0.012265,Cyclist,1,59.420970,0.012265,Cyclist,1.127935,0.067047,0.022127,Cyclist,1.112177,0.061522,0.042121,Cyclist,1.112686,0.061209,0.102122,Cyclist,1.113394,0.061195
0.400000,65,Pedestrian,0.000000,0.562500,0.109375,0.499524,0.003295,0.008634,0.005473,0.000139,0.003401,5,0.013063,Pedestrian,1,59.420970,0.013063,Pedestrian,1.133380,0.071839,0.022998,Pedestrian,1.105752,0.069779,0.042999,Pedestrian,1.107291,0.069676,0.103001,Pedestrian,1.108469,0.069732
0.400000,66,Vehicle,0.000000,0.750000,0.083333,0.499693,0.002507,0.010093,0.004032,0.000202,0.002955,5,0.040847,Vehicle,1,59.420970,0.040847,Vehicle,1.129547,0.083977,0.050735,Vehicle,1.113185,0.081789,0.070734,Vehicle,1.114787,0.081711,0.130736,Vehicle,1.116148,0.081763
0.400000,67,Pedestrian,0.000000,0.687500,0.078125,0.499561,0.002774,0.008139,0.004978,0.000134,0.003201,5,0.012698,Pedestrian,1,59.420970,0.012698,Pedestrian,1.074992,0.067713,0.022564,Pedestrian,1.042963,0.063549,0.042564,Pedestrian,1.043862,0.063516,0.102564,Pedestrian,1.045009,0.063508
0.400000,68,Pedestrian,0.000000,0.625000,0.093750,0.499586,0.004033,0.008339,0.006154,0.000179,0.004294,5,0.013627,Pedestrian,1,59.420970,0.013627,Pedestrian,1.100824,0.069384,0.023584,Pedestrian,1.074797,0.067299,0.043585,Pedestrian,1.076175,0.067192,0.103586,Pedestrian,1.077318,0.067273
0.400000,69,Pedestrian,0.000000,0.625000,0.125000,0.499317,0.005189,0.013264,0.007514,0.000214,0.005542,5,2.427358,Vehicle,0,59.420970,2.427358,Vehicle,1.178847,0.110359,2.437281,Vehicle,1.172733,0.108457,2.457285,Vehicle,1.173429,0.108511,2.517286,Vehicle,1.173856,0.108519
0.400000,70,Pedestrian,0.000000,0.625000,0.125000,0.499568,0.003340,0.009955,0.006189,0.000167,0.003674,5,0.013124,Pedestrian,1,59.420970,0.013124,Pedestrian,1.145083,0.082827,0.023063,Pedestrian,1.126702,0.081561,0.043062,Pedestrian,1.127812,0.081486,0.103063,Pedestrian,1.128842,0.081505
0.400000,71,Pedestrian,0.000000,0.500000,0.100000,0.499534,0.003352,0.008881,0.006122,0.000156,0.002972,5,0.013489,Pedestrian,1,59.420970,0.013489,Pedestrian,1.121628,0.073890,0.023439,Pedestrian,1.099210,0.072513,0.043447,Pedestrian,1.100722,0.072704,0.103450,Pedestrian,1.101855,0.072811
0.400000,72,Cyclist,0.000000,0.625000,0.075000,0.499579,0.003681,0.011604,0.009427,0.000178,0.004262,5,0.013593,Cyclist,1,59.420970,0.013593,Cyclist,1.117677,0.096542,0.023426,Cyclist,1.112005,0.092235,0.043427,Cyclist,1.113529,0.092246,0.103429,Cyclist,1.114733,0.092324
0.400000,73,Pedestrian,0.000000,0.500000,0.083333,0.499530,0.003524,0.010332,0.005476,0.000147,0.003544,5,0.012901,Pedestrian,1,59.420970,0.012901,Pedestrian,1.100462,0.085962,0.022819,Pedestrian,1.078455,0.082450,0.042829,Pedestrian,1.079833,0.082705,0.102832,Pedestrian,1.081027,0.082825
0.400000,74,Vehicle,0.000000,0.562500,0.145833,0.499567,0.003560,0.013616,0.004856,0.000229,0.003890,5,1.584252,Pedestrian,0,59.420970,1.584252,Pedestrian,1.147070,0.113285,1.591087,Cyclist,1.131554,0.110664,1.611189,Cyclist,1.133085,0.110568,1.670902,Cyclist,1.134386,0.110608
0.500000,0,Cyclist,0.000000,0.187500,0.270833,0.499429,0.004974,0.007665,0.002214,0.000110,0.002770,10,1.257147,Cyclist,1,41.145840,1.302549,Pedestrian,1.190910,0.063773,1.257147,Cyclist,1.173404,0.063081,1.275209,Cyclist,1.173579,0.063107,1.334788,Cyclist,1.173985,0.063111
0.500000,1,Empty,0.000000,0.375000,0.208333,0.499373,0.003760,0.003762,0.002256,0.000023,0.002775,5,1.440770,Pedestrian,0,59.420970,1.440770,Pedestrian,1.070814,0.031302,1.467690,Cyclist,1.060006,0.030436,1.488320,Cyclist,1.060197,0.030506,1.548793,Cyclist,1.060643,0.030508
0.500000,2,Empty,0.000000,0.750000,0.062500,0.499358,0.002064,0.003065,0.003182,0.000041,0.002489,5,0.011654,Empty,1,59.420970,0.011654,Empty,1.022016,0.025498,0.021643,Empty,1.019599,0.025931,0.041636,Empty,1.019139,0.025754,0.101636,Empty,1.019656,0.025767
0.500000,3,Empty,0.000000,0.437500,0.112500,0.499364,0.003252,0.003480,0.002464,0.000033,0.002821,5,1.427888,Cyclist,0,59.420970,1.427888,Cyclist,1.053485,0.028957,1.468119,Cyclist,1.044089,0.028144,1.486146,Cyclist,1.043971,0.027776,1.546192,Cyclist,1.044521,0.027832
0.500000,4,Empty,0.000000,0.562500,0.087500,0.499382,0.003121,0.004152,0.004120,0.000057,0.002986,5,0.011728,Empty,1,59.420970,0.011728,Empty,1.047055,0.034544,0.021657,Empty,1.040480,0.033150,0.041659,Empty,1.040675,0.033237,0.101660,Empty,1.041332,0.033252
0.500000,5,Empty,0.000000,0.375000,0.125000,0.499360,0.003684,0.003980,0.003371,0.000026,0.002826,5,1.426931,Cyclist,0,59.420970,1.426931,Cyclist,1.058067,0.033112,1.459944,Cyclist,1.046907,0.032294,1.477499,Cyclist,1.047400,0.032259,1.537540,Cyclist,1.048009,0.032290
0.500000,6,Cyclist,0.000000,0.500000,0.100000,0.499496,0.003953,0.011323,0.004208,0.000162,0.003903,10,1.289798,Pedestrian,0,41.145840,1.318890,Pedestrian,1.136215,0.094203,1.289798,Pedestrian,1.118543,0.092177,1.309209,Pedestrian,1.119607,0.092282,1.369355,Pedestrian,1.120693,0.092341
0.500000,7,Pedestrian,0.000000,0.437500,0.140625,0.499553,0.004735,0.009802,0.003555,0.000193,0.004643,5,0.014492,Pedestrian,1,59.420970,0.014492,Pedestrian,1.142996,0.081554,0.024480,Pedestrian,1.122097,0.082463,0.044482,Pedestrian,1.123212,0.082363,0.104484,Pedestrian,1.124077,0.082393
0.500000,8,Pedestrian,0.000000,0.437500,0.140625,0.499359,0.004444,0.009578,0.006932,0.000123,0.003708,5,1.266600,Pedestrian,1,59.420970,1.266600,Pedestrian,1.178474,0.079685,1.307788,Cyclist,1.176128,0.078900,1.327476,Cyclist,1.176638,0.078957,1.387142,Cyclist,1.177024,0.078977
0.500000,9,Vehicle,0.000000,0.437500,0.112500,0.499556,0.003756,0.014132,0.003260,0.000218,0.003422,5,0.017812,Vehicle,1,59.420970,0.017812,Vehicle,1.132706,0.117580,0.027876,Vehicle,1.118804,0.118823,0.047876,Vehicle,1.120614,0.118720,0.107877,Vehicle,1.121924,0.118769
0.500000,10,Cyclist,0.000000,0.500000,0.125000,0.499245,0.004491,0.018256,0.007776,0.000306,0.003247,5,0.136574,Cyclist,1,59.420970,0.136574,Cyclist,1.159011,0.151886,0.146467,Cyclist,1.158525,0.148763,0.166476,Cyclist,1.159398,0.148978,0.226478,Cyclist,1.159941,0.149040
0.500000,11,Empty,0.000000,0.687500,0.062500,0.499343,0.005740,0.018509,0.010324,0.000275,0.006589,5,0.044776,Empty,1,59.420970,0.044776,Empty,1.163937,0.153998,0.054732,Empty,1.164516,0.154560,0.074737,Empty,1.165346,0.154551,0.134739,Empty,1.165903,0.154559
0.500000,12,Vehicle,0.000000,0.312500,0.171875,0.499514,0.004751,0.012627,0.001822,0.000203,0.004058,5,0.024188,Vehicle,1,59.420970,0.024188,Vehicle,1.141978,0.105059,0.034101,Vehicle,1.130404,0.102150,0.054096,Vehicle,1.132140,0.101880,0.114096,Vehicle,1.133386,0.101842
0.500000,13,Pedestrian,0.000000,0.625000,0.093750,0.499562,0.002878,0.007348,0.005305,0.000150,0.003173,5,0.012386,Pedestrian,1,59.420970,0.012386,Pedestrian,1.075763,0.061134,0.022315,Pedestrian,1.049359,0.059271,0.042326,Pedestrian,1.051133,0.059650,0.102327,Pedestrian,1.052561,0.059659
0.500000,14,Vehicle,0.000000,0.375000,0.125000,0.499532,0.004379,0.014053,0.003756,0.000202,0.004021,5,0.015483,Vehicle,1,59.420970,0.015483,Vehicle,1.142344,0.116920,0.025500,Vehicle,1.134067,0.116386,0.045513,Vehicle,1.136437,0.116788,0.105514,Vehicle,1.137887,0.116819
0.500000,15,Empty,0.000000,0.437500,0.140625,0.499358,0.004338,0.014603,0.009488,0.000194,0.002969,5,1.533674,Pedestrian,0,59.420970,1.533674,Pedestrian,1.176327,0.121498,1.542661,Cyclist,1.174488,0.116508,1.561064,Cyclist,1.175207,0.116664,1.620265,Cyclist,1.175644,0.116707
0.500000,16,Vehicle,0.000000,0.375000,0.156250,0.499529,0.004497,0.009161,0.004648,0.000209,0.004028,5,0.014293,Vehicle,1,59.420970,0.014293,Vehicle,1.132350,0.076217,0.024294,Vehicle,1.116813,0.076841,0.044291,Vehicle,1.118786,0.076744,0.104293,Vehicle,1.120195,0.076805
0.500000,17,Vehicle,0.000000,0.500000,0.166667,0.499534,0.004424,0.007921,0.007178,0.000178,0.004492,5,0.012860,Vehicle,1,59.420970,0.012860,Vehicle,1.148436,0.065901,0.022816,Vehicle,1.131941,0.065026,0.042818,Vehicle,1.133456,0.065020,0.102820,Vehicle,1.134599,0.065065
0.500000,18,Empty,0.000000,0.437500,0.093750,0.499372,0.003279,0.003480,0.003447,0.000048,0.002766,5,1.426441,Cyclist,0,59.420970,1.426441,Cyclist,1.043006,0.028956,1.464722,Cyclist,1.034855,0.028980,1.482633,Cyclist,1.035042,0.029525,1.542668,Cyclist,1.035751,0.029620
0.500000,19,Cyclist,0.000000,0.625000,0.075000,0.499475,0.003432,0.010024,0.003366,0.000169,0.003179,5,0.013791,Cyclist,1,59.420970,0.013791,Cyclist,1.105177,0.083397,0.023714,Cyclist,1.093477,0.080742,0.043716,Cyclist,1.094648,0.080724,0.103718,Cyclist,1.095668,0.080794
0.500000,20,Vehicle,0.000000,0.562500,0.087500,0.499592,0.003230,0.012438,0.004294,0.000206,0.003511,5,1.636254,Pedestrian,0,59.420970,1.636254,Pedestrian,1.156276,0.103486,1.662400,Pedestrian,1.141226,0.102343,1.686225,Pedestrian,1.142460,0.102523,1.747460,Pedestrian,1.143520,0.102575
0.500000,21,Empty,0.000000,0.500000,0.125000,0.499366,0.003402,0.003582,0.003032,0.000047,0.003091,5,1.424464,Pedestrian,0,59.420970,1.424464,Pedestrian,1.056840,0.029798,1.462417,Cyclist,1.047006,0.028893,1.483455,Cyclist,1.047533,0.028701,1.543536,Cyclist,1.048144,0.028744
0.500000,22,Cyclist,0.000000,0.375000,0.104167,0.499511,0.004048,0.013417,0.004428,0.000170,0.002958,10,1.286494,Cyclist,1,41.145840,1.322257,Pedestrian,1.157759,0.111631,1.286494,Cyclist,1.142134,0.112156,1.305741,Cyclist,1.142802,0.112296,1.365634,Cyclist,1.143553,0.112404
0.500000,23,Empty,0.000000,0.687500,0.078125,0.499361,0.002126,0.003439,0.003077,0.000037,0.002608,5,0.011607,Empty,1,59.420970,0.011607,Empty,1.040266,0.028614,0.021575,Empty,1.031647,0.027577,0.041573,Empty,1.031386,0.027358,0.101573,Empty,1.031878,0.027328
0.500000,24,Empty,0.000000,0.687500,0.078125,0.499378,0.002487,0.004050,0.003187,0.000045,0.002828,5,0.011644,Empty,1,59.420970,0.011644,Empty,1.025741,0.033694,0.021616,Empty,1.017816,0.033024,0.041610,Empty,1.017663,0.033021,0.101610,Empty,1.018205,0.033029
0.500000,25,Cyclist,0.000000,0.625000,0.125000,0.499390,0.004492,0.008666,0.014442,0.000148,0.004178,5,4.585739,Vehicle,0,59.420970,4.585739,Vehicle,1.153951,0.072097,4.595719,Vehicle,1.155486,0.070600,4.615720,Vehicle,1.156180,0.070656,4.675721,Vehicle,1.156521,0.070663
0.500000,26,Pedestrian,0.000000,0.625000,0.093750,0.499551,0.003056,0.008556,0.004456,0.000146,0.003311,5,1.162715,Pedestrian,1,59.420970,1.162715,Pedestrian,1.118738,0.071187,1.178749,Pedestrian,1.095601,0.067753,1.193233,Pedestrian,1.095986,0.067900,1.253378,Pedestrian,1.096984,0.067945
0.500000,27,Cyclist,0.000000,0.812500,0.062500,0.499614,0.002071,0.008252,0.003422,0.000135,0.002566,5,0.013027,Cyclist,1,59.420970,0.013027,Cyclist,1.112425,0.068656,0.022949,Cyclist,1.101840,0.066085,0.042958,Cyclist,1.102656,0.066565,0.102959,Cyclist,1.103654,0.066613
0.500000,28,Cyclist,0.000000,0.500000,0.083333,0.499518,0.004033,0.011026,0.006862,0.000161,0.004098,5,0.098193,Cyclist,1,59.420970,0.098193,Cyclist,1.154251,0.091736,0.108086,Cyclist,1.145265,0.089933,0.128086,Cyclist,1.146447,0.089867,0.188088,Cyclist,1.147407,0.089923
0.500000,29,Vehicle,0.000000,0.562500,0.145833,0.499584,0.003238,0.009448,0.003714,0.000197,0.003552,5,0.277012,Vehicle,1,59.420970,0.277012,Vehicle,1.112920,0.078607,0.286916,Vehicle,1.099259,0.075177,0.306913,Vehicle,1.101777,0.075087,0.366914,Vehicle,1.103513,0.075122
0.500000,30,Empty,0.000000,0.625000,0.075000,0.499347,0.003139,0.003843,0.003842,0.000045,0.002844,5,0.011809,Empty,1,59.420970,0.011809,Empty,1.025583,0.031976,0.021794,Empty,1.018784,0.034493,0.041784,Empty,1.018724,0.033987,0.101785,Empty,1.019310,0.034034
0.500000,31,Empty,0.000000,0.312500,0.137500,0.499372,0.004013,0.004464,0.003917,0.000033,0.002629,5,0.011765,Empty,1,59.420970,0.011765,Empty,1.065268,0.037137,0.021698,Empty,1.055338,0.035517,0.041699,Empty,1.055844,0.035544,0.101699,Empty,1.056457,0.035536
0.500000,32,Empty,0.000000,0.500000,0.166667,0.499367,0.003435,0.003531,0.003153,0.000039,0.002873,5,1.424795,Pedestrian,0,59.420970,1.424795,Pedestrian,1.066195,0.029375,1.455254,Cyclist,1.051950,0.027427,1.475981,Cyclist,1.052356,0.027471,1.536370,Cyclist,1.052886,0.027519
0.500000,33,Cyclist,0.000000,0.375000,0.208333,0.499489,0.004386,0.008647,0.002822,0.000161,0.003586,10,1.285968,Cyclist,1,41.145840,1.329860,Pedestrian,1.175111,0.071947,1.285968,Cyclist,1.156253,0.071743,1.304586,Cyclist,1.156924,0.071945,1.364109,Cyclist,1.157723,0.071981
0.500000,34,Vehicle,0.000000,0.562500,0.109375,0.499579,0.003052,0.013486,0.003255,0.000206,0.003108,5,1.616872,Pedestrian,0,59.420970,1.616872,Pedestrian,1.129678,0.112208,1.621882,Cyclist,1.117884,0.112219,1.642253,Cyclist,1.120352,0.111868,1.702082,Cyclist,1.121910,0.111857
0.500000,35,Empty,0.000000,0.437500,0.112500,0.499370,0.003667,0.003734,0.003174,0.000052,0.002912,5,1.404472,Pedestrian,0,59.420970,1.404472,Pedestrian,1.048564,0.031068,1.426329,Cyclist,1.040707,0.032468,1.444665,Cyclist,1.040749,0.032178,1.504197,Cyclist,1.041317,0.032233
0.500000,36,Empty,0.000000,0.562500,0.109375,0.499364,0.003061,0.003330,0.003040,0.000029,0.002990,5,0.011628,Empty,1,59.420970,0.011628,Empty,1.033253,0.027704,0.021607,Empty,1.025541,0.026849,0.041604,Empty,1.026311,0.026785,0.101605,Empty,1.026963,0.026797
0.500000,37,Cyclist,0.000000,0.625000,0.093750,0.499580,0.003303,0.008381,0.003598,0.000185,0.003393,10,1.251177,Cyclist,1,41.145840,1.286494,Pedestrian,1.131425,0.069731,1.251177,Cyclist,1.113876,0.068975,1.270900,Cyclist,1.115770,0.068951,1.331099,Cyclist,1.117219,0.068982
0.500000,38,Empty,0.000000,0.562500,0.072917,0.499376,0.002714,0.003519,0.003722,0.000049,0.002991,5,1.422026,Pedestrian,0,59.420970,1.422026,Pedestrian,1.039495,0.029276,1.471768,Pedestrian,1.032682,0.028480,1.491687,Pedestrian,1.032905,0.028370,1.551682,Pedestrian,1.033599,0.028405
0.500000,39,Empty,0.000000,0.625000,0.075000,0.499370,0.002504,0.003314,0.003854,0.000052,0.002900,5,0.011668,Empty,1,59.420970,0.011668,Empty,1.040875,0.027574,0.021606,Empty,1.031156,0.024992,0.041604,Empty,1.031139,0.025040,0.101605,Empty,1.031719,0.025083
0.500000,40,Vehicle,0.000000,0.250000,0.187500,0.499476,0.004929,0.011348,0.003664,0.000179,0.003725,10,1.581132,Cyclist,0,41.145840,1.585322,Pedestrian,1.163480,0.094419,1.581132,Cyclist,1.149265,0.093015,1.601632,Cyclist,1.150983,0.092992,1.661486,Cyclist,1.152113,0.092994
0.500000,41,Empty,0.000000,0.562500,0.109375,0.499357,0.002940,0.003170,0.002668,0.000029,0.002843,5,0.011584,Empty,1,59.420970,0.011584,Empty,1.042387,0.026376,0.021574,Empty,1.032736,0.026866,0.041571,Empty,1.033532,0.026918,0.101572,Empty,1.034229,0.026908
0.500000,42,Vehicle,0.000000,0.437500,0.112500,0.499518,0.003625,0.012476,0.002495,0.000188,0.003276,10,1.577066,Cyclist,0,41.145840,1.586856,Pedestrian,1.131788,0.103803,1.577066,Cyclist,1.120379,0.100981,1.597531,Cyclist,1.122737,0.100864,1.657369,Cyclist,1.124290,0.100864
0.500000,43,Empty,0.000000,0.437500,0.187500,0.499377,0.003640,0.004026,0.002467,0.000043,0.002794,5,1.422579,Cyclist,0,59.420970,1.422579,Cyclist,1.067105,0.033500,1.457128,Cyclist,1.056458,0.032005,1.474151,Cyclist,1.056709,0.031902,1.534170,Cyclist,1.057235,0.031966
0.500000,44,Vehicle,0.000000,0.375000,0.125000,0.499517,0.004044,0.011145,0.004216,0.000182,0.003339,5,1.617509,Pedestrian,0,59.420970,1.617509,Pedestrian,1.118838,0.092729,1.624291,Cyclist,1.110861,0.093380,1.647038,Cyclist,1.113439,0.093537,1.707870,Cyclist,1.115066,0.093583
0.500000,45,Cyclist,0.000000,0.375000,0.156250,0.499495,0.004620,0.011433,0.005413,0.000197,0.004218,10,1.257286,Cyclist,1,41.145840,1.287158,Pedestrian,1.154680,0.095124,1.257286,Cyclist,1.135621,0.090978,1.276934,Cyclist,1.136622,0.090999,1.337483,Cyclist,1.137550,0.090997
0.500000,46,Cyclist,0.000000,0.437500,0.112500,0.499475,0.004314,0.007567,0.004843,0.000134,0.004035,10,1.288537,Cyclist,1,41.145840,1.323551,Pedestrian,1.125516,0.062957,1.288537,Cyclist,1.109851,0.061175,1.308641,Cyclist,1.111076,0.061255,1.368984,Cyclist,1.112233,0.061337
0.500000,47,Pedestrian,0.000000,0.312500,0.171875,0.499462,0.004542,0.008595,0.004167,0.000130,0.003313,5,1.164783,Pedestrian,1,59.420970,1.164783,Pedestrian,1.177264,0.071509,1.201325,Pedestrian,1.166587,0.071082,1.222263,Pedestrian,1.167198,0.071145,1.283016,Pedestrian,1.167839,0.071242
0.500000,48,Empty,0.000000,0.375000,0.104167,0.499385,0.006199,0.009983,0.005266,0.000161,0.005383,5,1.486440,Pedestrian,0,59.420970,1.486440,Pedestrian,1.152585,0.083058,1.496593,Cyclist,1.155788,0.081718,1.515866,Cyclist,1.156522,0.081721,1.575461,Cyclist,1.156890,0.081711
0.500000,49,Vehicle,0.000000,0.500000,0.125000,0.499525,0.003961,0.009958,0.006077,0.000170,0.004086,10,1.603309,Cyclist,0,41.145840,1.615387,Pedestrian,1.158695,0.082853,1.603309,Cyclist,1.147208,0.080114,1.622928,Cyclist,1.149140,0.080343,1.682835,Cyclist,1.150515,0.080363
0.500000,50,Empty,0.000000,0.500000,0.125000,0.499370,0.003431,0.004084,0.003234,0.000033,0.002870,5,0.011634,Empty,1,59.420970,0.011634,Empty,1.042302,0.033981,0.021609,Empty,1.034854,0.033301,0.041605,Empty,1.035498,0.033198,0.101606,Empty,1.036136,0.033223
0.500000,51,Vehicle,0.000000,0.500000,0.125000,0.499589,0.003632,0.012431,0.005229,0.000234,0.003527,10,1.628875,Cyclist,0,41.145840,1.631607,Pedestrian,1.155015,0.103427,1.628875,Cyclist,1.136890,0.102752,1.650142,Cyclist,1.137617,0.102860,1.710150,Cyclist,1.138553,0.102899
0.500000,52,Pedestrian,0.000000,0.562500,0.145833,0.499561,0.003297,0.008613,0.003945,0.000160,0.003627,5,0.014905,Pedestrian,1,59.420970,0.014905,Pedestrian,1.139648,0.071661,0.024845,Pedestrian,1.110904,0.070874,0.044843,Pedestrian,1.112072,0.070485,0.104843,Pedestrian,1.112992,0.070498
0.500000,53,Vehicle,0.000000,0.437500,0.140625,0.499529,0.003957,0.010030,0.002795,0.000190,0.003464,10,1.574291,Cyclist,0,41.145840,1.574641,Pedestrian,1.125525,0.083449,1.574291,Cyclist,1.116217,0.085410,1.592799,Cyclist,1.118658,0.085183,1.652752,Cyclist,1.120247,0.085188
0.500000,54,Empty,0.000000,0.312500,0.171875,0.499371,0.004333,0.004567,0.002780,0.000031,0.002691,5,1.427937,Pedestrian,0,59.420970,1.427937,Pedestrian,1.065656,0.038001,1.454868,Cyclist,1.056646,0.036987,1.474748,Cyclist,1.056843,0.037356,1.534730,Cyclist,1.057387,0.037397
0.500000,55,Cyclist,0.000000,0.375000,0.125000,0.499502,0.004016,0.011207,0.003636,0.000165,0.002852,5,0.015667,Cyclist,1,59.420970,0.015667,Cyclist,1.145936,0.093241,0.025649,Cyclist,1.129602,0.093387,0.045648,Cyclist,1.130030,0.093347,0.105649,Cyclist,1.130691,0.093351
0.500000,56,Vehicle,0.000000,0.437500,0.140625,0.499517,0.004022,0.010021,0.002947,0.000176,0.003865,5,1.585436,Pedestrian,0,59.420970,1.585436,Pedestrian,1.148611,0.083375,1.594100,Cyclist,1.137981,0.079902,1.614210,Cyclist,1.140102,0.079922,1.673903,Cyclist,1.141512,0.079944
0.500000,57,Cyclist,0.000000,0.812500,0.062500,0.499660,0.002175,0.009849,0.004243,0.000161,0.002815,5,0.013122,Cyclist,1,59.420970,0.013122,Cyclist,1.132102,0.081941,0.023097,Cyclist,1.121037,0.080989,0.043111,Cyclist,1.121410,0.081389,0.103112,Cyclist,1.122053,0.081420
0.500000,58,Pedestrian,0.000000,0.687500,0.078125,0.499584,0.002396,0.008121,0.005820,0.000147,0.003004,5,0.012508,Pedestrian,1,59.420970,0.012508,Pedestrian,1.075063,0.067567,0.022364,Pedestrian,1.045286,0.062562,0.042380,Pedestrian,1.046097,0.063024,0.102382,Pedestrian,1.047168,0.063096
0.500000,59,Pedestrian,0.000000,0.500000,0.125000,0.499490,0.003466,0.008232,0.005183,0.000128,0.002804,5,0.170425,Pedestrian,1,59.420970,0.170425,Pedestrian,1.132326,0.068487,0.180409,Pedestrian,1.112620,0.066155,0.200407,Pedestrian,1.113926,0.066006,0.260408,Pedestrian,1.115024,0.066045
0.500000,60,Pedestrian,0.000000,0.750000,0.062500,0.499576,0.002130,0.007625,0.006574,0.000135,0.002659,5,1.178231,Pedestrian,1,59.420970,1.178231,Pedestrian,1.087364,0.063442,1.193076,Pedestrian,1.063004,0.057128,1.209717,Pedestrian,1.061920,0.058850,1.270301,Pedestrian,1.062762,0.058876
0.500000,61,Vehicle,0.000000,0.687500,0.104167,0.499628,0.002926,0.009103,0.002725,0.000176,0.003522,5,0.025940,Vehicle,1,59.420970,0.025940,Vehicle,1.111342,0.075738,0.035839,Vehicle,1.106136,0.073628,0.055836,Vehicle,1.108480,0.073549,0.115834,Vehicle,1.110019,0.073469
0.500000,62,Pedestrian,0.000000,0.562500,0.109375,0.499526,0.003118,0.007460,0.003862,0.000136,0.003200,5,1.150576,Pedestrian,1,59.420970,1.150576,Pedestrian,1.125502,0.062064,1.177859,Pedestrian,1.101846,0.059016,1.197765,Pedestrian,1.102244,0.059536,1.258032,Pedestrian,1.103055,0.059521
0.500000,63,Pedestrian,0.000000,0.562500,0.109375,0.499582,0.003501,0.009290,0.004759,0.000171,0.003664,5,0.014960,Pedestrian,1,59.420970,0.014960,Pedestrian,1.117529,0.077294,0.024921,Pedestrian,1.098819,0.076500,0.044926,Pedestrian,1.100071,0.076583,0.104928,Pedestrian,1.101075,0.076601
0.500000,64,Cyclist,0.000000,0.437500,0.140625,0.499497,0.003926,0.007546,0.003157,0.000155,0.003167,10,1.267188,Cyclist,1,41.145840,1.290772,Pedestrian,1.137708,0.062787,1.267188,Cyclist,1.116725,0.060180,1.286722,Cyclist,1.117511,0.060031,1.346982,Cyclist,1.118400,0.060049
0.500000,65,Pedestrian,0.000000,0.375000,0.156250,0.499482,0.003863,0.008196,0.005073,0.000145,0.003055,5,1.270113,Pedestrian,1,59.420970,1.270113,Pedestrian,1.162412,0.068194,1.316774,Cyclist,1.141117,0.064461,1.336179,Cyclist,1.141889,0.064401,1.395859,Cyclist,1.142659,0.064471
0.500000,66,Vehicle,0.000000,0.437500,0.140625,0.499550,0.003869,0.012854,0.003618,0.000207,0.003526,5,1.591529,Pedestrian,0,59.420970,1.591529,Pedestrian,1.157605,0.106946,1.628256,Cyclist,1.141860,0.105444,1.650561,Cyclist,1.142652,0.105438,1.711850,Cyclist,1.143422,0.105433
0.500000,67,Pedestrian,0.000000,0.500000,0.100000,0.499515,0.003303,0.008614,0.006394,0.000144,0.003151,5,1.165709,Pedestrian,1,59.420970,1.165709,Pedestrian,1.111138,0.071671,1.195930,Pedestrian,1.092089,0.069288,1.215078,Pedestrian,1.093106,0.069591,1.275138,Pedestrian,1.094271,0.069693
0.500000,68,Pedestrian,0.000000,0.437500,0.140625,0.499505,0.004529,0.009048,0.005183,0.000166,0.004315,5,1.263554,Pedestrian,1,59.420970,1.263554,Pedestrian,1.143426,0.075282,1.302558,Cyclist,1.124164,0.071931,1.322572,Cyclist,1.125007,0.071793,1.382169,Cyclist,1.125889,0.071881
0.500000,69,Pedestrian,0.000000,0.312500,0.137500,0.499369,0.005220,0.006591,0.003714,0.000075,0.003374,5,2.424616,Vehicle,0,59.420970,2.424616,Vehicle,1.181983,0.054836,2.434569,Vehicle,1.179007,0.054371,2.454570,Vehicle,1.179583,0.054302,2.514570,Vehicle,1.179866,0.054251
0.500000,70,Pedestrian,0.000000,0.562500,0.087500,0.499551,0.003192,0.010877,0.005723,0.000166,0.003438,5,1.167207,Pedestrian,1,59.420970,1.167207,Pedestrian,1.106188,0.090495,1.184555,Pedestrian,1.081109,0.086263,1.199205,Pedestrian,1.081733,0.086213,1.258682,Pedestrian,1.082868,0.086291
0.500000,71,Pedestrian,0.000000,0.312500,0.343750,0.499467,0.004336,0.006121,0.002845,0.000127,0.002205,5,0.012640,Pedestrian,1,59.420970,0.012640,Pedestrian,1.183876,0.050925,0.022599,Pedestrian,1.166108,0.049387,0.042599,Pedestrian,1.166451,0.049370,0.102599,Pedestrian,1.166906,0.049373
0.500000,72,Cyclist,0.000000,0.500000,0.125000,0.499536,0.004214,0.011564,0.003751,0.000184,0.004685,5,0.013209,Cyclist,1,59.420970,0.013209,Cyclist,1.135861,0.096213,0.023122,Cyclist,1.116153,0.093398,0.043117,Cyclist,1.116974,0.093160,0.103118,Cyclist,1.117919,0.093142
0.500000,73,Pedestrian,0.000000,0.500000,0.125000,0.499517,0.003585,0.007635,0.005039,0.000140,0.003442,5,1.155225,Pedestrian,1,59.420970,1.155225,Pedestrian,1.139280,0.063524,1.180768,Pedestrian,1.114815,0.060264,1.196237,Pedestrian,1.115360,0.060346,1.256776,Pedestrian,1.116280,0.060412
0.500000,74,Vehicle,0.000000,0.562500,0.072917,0.499582,0.003754,0.019409,0.006752,0.000243,0.004076,10,1.587715,Cyclist,0,41.145840,1.594258,Cyclist,1.108177,0.161479,1.587715,Cyclist,1.098951,0.158971,1.608704,Cyclist,1.100925,0.159078,1.668863,Cyclist,1.102424,0.159164
